id,text,entities,relations,Comments
0,"in an explicit task, social impression assessment is more accurate, participants are more confident, and they are quicker in responding to noncooperative proper-round pictures.;;","[{'id': 0, 'label': 'cause', 'start_offset': 3, 'end_offset': 19}, {'id': 1, 'label': 'effect', 'start_offset': 21, 'end_offset': 52}, {'id': 2, 'label': 'effect', 'start_offset': 58, 'end_offset': 67}, {'id': 3, 'label': 'effect', 'start_offset': 68, 'end_offset': 99}, {'id': 4, 'label': 'effect', 'start_offset': 114, 'end_offset': 175}]","[{'id': 0, 'from_id': 0, 'to_id': 1, 'type': 'Rel_CE'}, {'id': 1, 'from_id': 0, 'to_id': 2, 'type': 'Rel_CE'}, {'id': 2, 'from_id': 0, 'to_id': 3, 'type': 'Rel_CE'}, {'id': 3, 'from_id': 0, 'to_id': 4, 'type': 'Rel_CE'}]",[]
1,broadening the motivation to cooperate: revisiting the role of sanctions in social dilemmas.;;,"[{'id': 0, 'label': 'non-causal', 'start_offset': 0, 'end_offset': 92}]",[],[]
2,"in addition, in studies that have not found emotions to play a mediating role, negative emotion terms have typically been lumped together to make a negative affect scale (e.g.;;","[{'id': 0, 'label': 'non-causal', 'start_offset': 0, 'end_offset': 175}]",[],[]
3,Results from the questionnaire were consistent with this suggestion.;;,"[{'id': 0, 'label': 'non-causal', 'start_offset': 0, 'end_offset': 68}]",[],[]
4,"""a more surprising result is that targeted information strategies generate higher contributions, which initially appears to be in contrast with the predictions from strict inequity aversion or conformity (i.e., """"everybody else is doing it"""" attitude) models."";;","[{'id': 0, 'label': 'cause', 'start_offset': 34, 'end_offset': 65}, {'id': 1, 'label': 'effect', 'start_offset': 66, 'end_offset': 95}]","[{'id': 0, 'from_id': 0, 'to_id': 1, 'type': 'Rel_CE'}]",[]
5,Four information structures under the real-time protocol of play were examined in the present study.;;,"[{'id': 0, 'label': 'non-causal', 'start_offset': 0, 'end_offset': 100}]",[],[]
6,the trainer's commitment to facilitate the learning process is bound by the reality that there is no room for failure.;;,"[{'id': 0, 'label': 'effect', 'start_offset': 4, 'end_offset': 12}, {'id': 1, 'label': 'effect', 'start_offset': 12, 'end_offset': 59}, {'id': 2, 'label': 'cause', 'start_offset': 98, 'end_offset': 117}]","[{'id': 0, 'from_id': 2, 'to_id': 0, 'type': 'Rel_CE'}, {'id': 1, 'from_id': 2, 'to_id': 1, 'type': 'Rel_CE'}]",[]
7,"on the contrary, it may be that more maximal groups are needed to qualify the effects of rejection.;;","[{'id': 0, 'label': 'cause', 'start_offset': 32, 'end_offset': 51}, {'id': 1, 'label': 'effect', 'start_offset': 66, 'end_offset': 98}]","[{'id': 0, 'from_id': 0, 'to_id': 1, 'type': 'Rel_CE'}]",[]
8,"in fact, not only did cyberball exclusion feel worse than cyberball inclusion, it felt worse than future-life exclusion too, indicating this difference cannot be explained simply as an increase in needs or mood due to inclusion.;;","[{'id': 0, 'label': 'effect', 'start_offset': 185, 'end_offset': 210}, {'id': 1, 'label': 'cause', 'start_offset': 215, 'end_offset': 227}]","[{'id': 0, 'from_id': 1, 'to_id': 0, 'type': 'Rel_CE'}]",[]
9,Cooperators' experience is differentiated according to the behavior of others.;;,"[{'id': 0, 'label': 'non-causal', 'start_offset': 0, 'end_offset': 78}]",[],[]
10,"funding agencies, for example, might seek to streamline their efforts by requiring data to be shared and preventing costly recollection.;;","[{'id': 0, 'label': 'cause', 'start_offset': 0, 'end_offset': 7}, {'id': 1, 'label': 'effect', 'start_offset': 42, 'end_offset': 69}, {'id': 2, 'label': 'cause', 'start_offset': 73, 'end_offset': 100}, {'id': 3, 'label': 'cause', 'start_offset': 105, 'end_offset': 135}, {'id': 4, 'label': 'effect', 'start_offset': 105, 'end_offset': 135}]","[{'id': 0, 'from_id': 2, 'to_id': 1, 'type': 'Rel_CE'}, {'id': 1, 'from_id': 2, 'to_id': 4, 'type': 'Rel_CE'}]",[]
11,"in order to achieve an effective working relationship, ongoing support and guidance is essential, where all parties respect and value each other's knowledge, opinions and experiences whilst working towards answering a specific research question.;;","[{'id': 0, 'label': 'effect', 'start_offset': 12, 'end_offset': 53}, {'id': 1, 'label': 'cause', 'start_offset': 55, 'end_offset': 83}, {'id': 2, 'label': 'cause', 'start_offset': 104, 'end_offset': 115}, {'id': 3, 'label': 'cause', 'start_offset': 116, 'end_offset': 244}, {'id': 4, 'label': 'effect', 'start_offset': 116, 'end_offset': 244}]","[{'id': 0, 'from_id': 1, 'to_id': 0, 'type': 'Rel_CE'}, {'id': 1, 'from_id': 1, 'to_id': 4, 'type': 'Rel_CE'}, {'id': 2, 'from_id': 2, 'to_id': 0, 'type': 'Rel_CE'}, {'id': 3, 'from_id': 3, 'to_id': 0, 'type': 'Rel_CE'}]",[]
12,"in keeping with the responsibility writers have to readers (thomson & kamler, 2012), researchers and their respective research communities can benefit from providing a set of fixed points so their audience can practice the necessary dead reckoning to understand the research and develop future inquiry.;;","[{'id': 0, 'label': 'cause', 'start_offset': 85, 'end_offset': 138}, {'id': 1, 'label': 'cause', 'start_offset': 143, 'end_offset': 187}, {'id': 2, 'label': 'effect', 'start_offset': 143, 'end_offset': 187}, {'id': 3, 'label': 'cause', 'start_offset': 191, 'end_offset': 301}, {'id': 4, 'label': 'effect', 'start_offset': 191, 'end_offset': 301}]","[{'id': 0, 'from_id': 0, 'to_id': 4, 'type': 'Rel_CE'}, {'id': 1, 'from_id': 1, 'to_id': 4, 'type': 'Rel_CE'}]",[]
13,maybe i should have stopped sooner or said that i didn't think she was in the right place.;;,"[{'id': 0, 'label': 'non-causal', 'start_offset': 0, 'end_offset': 90}]",[],[]
14,"In the extreme case of n = 82, e.g., a productivity m > 82 would be required in the PGG for contribution to pay off individually, whereas in the respective k-PGG m would only need to be larger than roughly 30.5, which is a little more than one third of the required productivity in the PGG.;;","[{'id': 0, 'label': 'non-causal', 'start_offset': 0, 'end_offset': 290}]",[],[]
15,social exclusion increases aggression and selfdefeating behavior while reducing intelligent thought and prosocial behavior.;;,"[{'id': 0, 'label': 'cause', 'start_offset': 0, 'end_offset': 16}, {'id': 1, 'label': 'effect', 'start_offset': 17, 'end_offset': 64}, {'id': 2, 'label': 'effect', 'start_offset': 71, 'end_offset': 122}]","[{'id': 0, 'from_id': 0, 'to_id': 1, 'type': 'Rel_CE'}, {'id': 1, 'from_id': 0, 'to_id': 2, 'type': 'Rel_CE'}]",[]
16,"While subjects who played under the random pairings protocol were randomly paired after each round of play, the procedure was to terminate a sequence of rounds with the same stopping rule as was used in the fixed pairings matching protocol sessions.;;","[{'id': 0, 'label': 'non-causal', 'start_offset': 0, 'end_offset': 249}]",[],[]
17,"It is instructive to contrast this estimate to the one in the previous section, based on the very simple, two-parameter (g, q) model.;;","[{'id': 0, 'label': 'non-causal', 'start_offset': 0, 'end_offset': 133}]",[],[]
18,"As Coser [80] has argued, conflicts are often established around, and arbitrated through, pre-existing relationships, contracts, or guidelines.;;","[{'id': 0, 'label': 'non-causal', 'start_offset': 0, 'end_offset': 143}]",[],[]
19,individuals may therefore note patterns of successes and failures in use of punishment and form intuitions about who should and should not use punishment in various situations.;;,"[{'id': 0, 'label': 'non-causal', 'start_offset': 0, 'end_offset': 176}]",[],[]
20,"bracketing bracketing is an approach used in qualitative research to alleviate potential tensions during researcher participant dialogues (gearing, 2004).;;","[{'id': 0, 'label': 'effect', 'start_offset': 79, 'end_offset': 104}, {'id': 1, 'label': 'effect', 'start_offset': 116, 'end_offset': 137}]",[],[]
21,supported hypothesis 2: there is a positive relationship between activity exclusion and making an internal attribution for the exclusion.;;,"[{'id': 0, 'label': 'non-causal', 'start_offset': 0, 'end_offset': 137}]",[],[]
22,"research indicates that individualists move toward cooperation when consistent exploitation is impossible (parks & rumble, 2001) and this makes our findings even more surprising: tft-1 is not exploitable and individualists should learn that cooperation, and not exploitation, is in their own selfish interest.;;","[{'id': 0, 'label': 'effect', 'start_offset': 24, 'end_offset': 62}, {'id': 1, 'label': 'cause', 'start_offset': 68, 'end_offset': 105}, {'id': 2, 'label': 'cause', 'start_offset': 179, 'end_offset': 183}, {'id': 3, 'label': 'cause', 'start_offset': 241, 'end_offset': 252}, {'id': 4, 'label': 'effect', 'start_offset': 282, 'end_offset': 308}]","[{'id': 0, 'from_id': 1, 'to_id': 0, 'type': 'Rel_CE'}, {'id': 1, 'from_id': 1, 'to_id': 4, 'type': 'Rel_CE'}, {'id': 2, 'from_id': 2, 'to_id': 0, 'type': 'Rel_CE'}, {'id': 3, 'from_id': 2, 'to_id': 4, 'type': 'Rel_CE'}, {'id': 4, 'from_id': 3, 'to_id': 0, 'type': 'Rel_CE'}]",[]
23,"with careful attention to subjects' choices, we found that some factors representing personal traits make altruistic behavior recognizably different.;;","[{'id': 0, 'label': 'cause', 'start_offset': 5, 'end_offset': 43}, {'id': 1, 'label': 'cause', 'start_offset': 64, 'end_offset': 100}, {'id': 2, 'label': 'effect', 'start_offset': 106, 'end_offset': 148}]","[{'id': 0, 'from_id': 0, 'to_id': 2, 'type': 'Rel_CE'}, {'id': 1, 'from_id': 1, 'to_id': 2, 'type': 'Rel_CE'}]",[]
24,"""this powerful effect, known as the """"women are wonderful"""" effect, leads individuals of all types of backgrounds to evaluate women more positively than men (eagly & mladinic, 1989)."";;","[{'id': 0, 'label': 'cause', 'start_offset': 1, 'end_offset': 21}, {'id': 1, 'label': 'cause', 'start_offset': 38, 'end_offset': 58}, {'id': 2, 'label': 'effect', 'start_offset': 74, 'end_offset': 156}]","[{'id': 0, 'from_id': 0, 'to_id': 2, 'type': 'Rel_CE'}, {'id': 1, 'from_id': 1, 'to_id': 2, 'type': 'Rel_CE'}]",[]
25,"Reinforcement Sensitivity Theory (RST) (Gray & fcfaughton, 2000) proposes that sensitivities to rewards and punishment explain the variation in personality traits and as such this paper examines the relationship between traits within this theoretical framework and behaviour in a public goods game (PGG).;;","[{'id': 0, 'label': 'non-causal', 'start_offset': 0, 'end_offset': 304}]",[],[]
26,hypothesis 2: there is a positive relationship between activity exclusion and making an internal attribution for the exclusion.;;,"[{'id': 0, 'label': 'non-causal', 'start_offset': 0, 'end_offset': 127}]",[],[]
27,based on the definition of data reuse - the use of data collected by others and for purposes differing from the original intention - using videos of others' teaching activities rather than one's own would be considered to be the reuse of videos for teaching purposes.;;,"[{'id': 0, 'label': 'non-causal', 'start_offset': 0, 'end_offset': 267}]",[],[]
28,"study 1: fundamental needs and mood in cyberbomb as discussed, previous research finds that situa­ tional manipulations that, logically speaking, ought to either increase or decrease the impact of ostracism are not sufficient to moderate how people experience ostracism.;;","[{'id': 0, 'label': 'cause', 'start_offset': 92, 'end_offset': 119}, {'id': 1, 'label': 'effect', 'start_offset': 183, 'end_offset': 206}, {'id': 2, 'label': 'effect', 'start_offset': 238, 'end_offset': 269}]","[{'id': 0, 'from_id': 0, 'to_id': 1, 'type': 'Rel_CE'}, {'id': 1, 'from_id': 0, 'to_id': 2, 'type': 'Rel_CE'}]",[]
29,"however, most are not yet financially independent, and need close friends to whom they can turn in times of financial need.;;","[{'id': 0, 'label': 'non-causal', 'start_offset': 0, 'end_offset': 123}]",[],[]
30,staying close to the ogf allows for continued focus as well as reflexivity because it accommodates a shift that can be justified with a systematic audit trail.;;,"[{'id': 0, 'label': 'cause', 'start_offset': 0, 'end_offset': 24}, {'id': 1, 'label': 'effect', 'start_offset': 25, 'end_offset': 74}, {'id': 2, 'label': 'cause', 'start_offset': 86, 'end_offset': 158}, {'id': 3, 'label': 'effect', 'start_offset': 86, 'end_offset': 158}]","[{'id': 0, 'from_id': 0, 'to_id': 1, 'type': 'Rel_CE'}, {'id': 1, 'from_id': 0, 'to_id': 3, 'type': 'Rel_CE'}]",[]
31,"However, an understanding of the effects CS may have on preferences (7) and strategic behavior, and the relations that may exist among preferences, is of considerable potential importance in constructing theories of human decision making and in selecting managerial and public policies.;;","[{'id': 0, 'label': 'non-causal', 'start_offset': 0, 'end_offset': 286}]",[],[]
32,"Subjects were told in the instructions that all messages from their group would be broadcast, in the form of the number of each type of message that was chosen (i.e., ""Including you, X group members chose to send the message Y"" for the three possible choices of message).;;","[{'id': 0, 'label': 'non-causal', 'start_offset': 0, 'end_offset': 271}]",[],[]
33,"the situations, portrayed in brief story dramas, are similar to the dynamics of our games in that the hero has to consider his own interests and those of others and must resolve this conflict either ethically (regarding the other person's welfare or gain) or selfishly (maximizing his own immediate gain).;;","[{'id': 0, 'label': 'non-causal', 'start_offset': 0, 'end_offset': 305}]",[],[]
34,"at first blush, this argument seems both correct and paralyzing for experimental research 577 because either one needs to conduct a huge number of sessions or create protocols that can 578 run with as few participants as possible.;;","[{'id': 0, 'label': 'effect', 'start_offset': 3, 'end_offset': 15}, {'id': 1, 'label': 'effect', 'start_offset': 16, 'end_offset': 93}, {'id': 2, 'label': 'cause', 'start_offset': 102, 'end_offset': 229}]","[{'id': 0, 'from_id': 2, 'to_id': 1, 'type': 'Rel_CE'}]",[]
35,"rejection by a loved one may hurt not because of relational devaluation per se, but because that devaluation is not expected because we assume the other holds a similar relational evaluation to us.;;","[{'id': 0, 'label': 'effect', 'start_offset': 0, 'end_offset': 33}, {'id': 1, 'label': 'cause', 'start_offset': 49, 'end_offset': 78}, {'id': 2, 'label': 'effect', 'start_offset': 97, 'end_offset': 124}, {'id': 3, 'label': 'cause', 'start_offset': 133, 'end_offset': 196}]","[{'id': 0, 'from_id': 1, 'to_id': 0, 'type': 'Rel_CE'}, {'id': 1, 'from_id': 1, 'to_id': 2, 'type': 'Rel_CE'}, {'id': 2, 'from_id': 3, 'to_id': 0, 'type': 'Rel_CE'}, {'id': 3, 'from_id': 3, 'to_id': 2, 'type': 'Rel_CE'}]",[]
36,"ultimately, group membership may only act as a buffer against ostracism when it is not a central aspect of one's identity, and therefore escapable.;;","[{'id': 0, 'label': 'effect', 'start_offset': 12, 'end_offset': 71}, {'id': 1, 'label': 'cause', 'start_offset': 77, 'end_offset': 121}, {'id': 2, 'label': 'cause', 'start_offset': 137, 'end_offset': 146}]","[{'id': 0, 'from_id': 1, 'to_id': 0, 'type': 'Rel_CE'}, {'id': 1, 'from_id': 2, 'to_id': 0, 'type': 'Rel_CE'}]",[]
37,"Additionally, the extent to which participants increased their contributions when punishment/sanctions for freeriders were introduced to the game (Fehr & Gächter, 2000) also depended on Honesty-Humility: Individuals with low scores shifted from free-riding towards larger contributions when faced with the possibility of punishment; their counterparts high in Honesty-Humility, by contrast, did not condition their contributions on the power of other players to retaliate.;;","[{'id': 0, 'label': 'effect', 'start_offset': 25, 'end_offset': 76}, {'id': 1, 'label': 'cause', 'start_offset': 82, 'end_offset': 145}, {'id': 2, 'label': 'effect', 'start_offset': 221, 'end_offset': 285}, {'id': 3, 'label': 'cause', 'start_offset': 291, 'end_offset': 331}, {'id': 4, 'label': 'cause', 'start_offset': 352, 'end_offset': 376}, {'id': 5, 'label': 'effect', 'start_offset': 399, 'end_offset': 471}]","[{'id': 0, 'from_id': 1, 'to_id': 0, 'type': 'Rel_CE'}, {'id': 1, 'from_id': 1, 'to_id': 2, 'type': 'Rel_CE'}, {'id': 2, 'from_id': 1, 'to_id': 5, 'type': 'Rel_CE'}, {'id': 3, 'from_id': 3, 'to_id': 0, 'type': 'Rel_CE'}, {'id': 4, 'from_id': 3, 'to_id': 2, 'type': 'Rel_CE'}, {'id': 5, 'from_id': 3, 'to_id': 5, 'type': 'Rel_CE'}, {'id': 6, 'from_id': 4, 'to_id': 0, 'type': 'Rel_CE'}, {'id': 7, 'from_id': 4, 'to_id': 2, 'type': 'Rel_CE'}, {'id': 8, 'from_id': 4, 'to_id': 5, 'type': 'Rel_CE'}]",[]
38,"Based on the assumptions outlined in previous sections, the following predictions were tested:;;","[{'id': 0, 'label': 'non-causal', 'start_offset': 0, 'end_offset': 94}]",[],[]
39,"When a person's benefit from a norm of cooperation is indirect, he does not reward kindness with kindness.;;","[{'id': 0, 'label': 'cause', 'start_offset': 7, 'end_offset': 62}, {'id': 1, 'label': 'effect', 'start_offset': 67, 'end_offset': 105}]","[{'id': 0, 'from_id': 0, 'to_id': 1, 'type': 'Rel_CE'}]",[]
40,"the differences in alcohol consumption could not be explained by differences in mood, arousal or displeasure with the experiment instead it was only related to the amount of self-control exerted in the initial phase of the experiment.;;","[{'id': 0, 'label': 'non-causal', 'start_offset': 0, 'end_offset': 234}]",[],[]
41,A summary of how the choices analysed vary with the task parameters is in Table 3.;;,"[{'id': 0, 'label': 'non-causal', 'start_offset': 0, 'end_offset': 82}]",[],[]
42,"surprisingly, leaders emerge most strongly when they can voluntarily report their contribution to the rest of the group.;;","[{'id': 0, 'label': 'effect', 'start_offset': 14, 'end_offset': 42}, {'id': 1, 'label': 'cause', 'start_offset': 48, 'end_offset': 119}]","[{'id': 0, 'from_id': 1, 'to_id': 0, 'type': 'Rel_CE'}]",[]
43,"spector (2012) found that time requirements to fulfill job and research duties, financial costs of planning and conducting research, and communication and value disconnects between researchers and service providers all challenged the practical function of cbpr projects in service provision settings.;;","[{'id': 0, 'label': 'cause', 'start_offset': 26, 'end_offset': 54}, {'id': 1, 'label': 'cause', 'start_offset': 80, 'end_offset': 131}, {'id': 2, 'label': 'cause', 'start_offset': 137, 'end_offset': 214}, {'id': 3, 'label': 'effect', 'start_offset': 230, 'end_offset': 299}]","[{'id': 0, 'from_id': 0, 'to_id': 3, 'type': 'Rel_CE'}, {'id': 1, 'from_id': 1, 'to_id': 3, 'type': 'Rel_CE'}, {'id': 2, 'from_id': 2, 'to_id': 3, 'type': 'Rel_CE'}]",[]
44,"there had been signs in experimental research on drugs developed for aids that the involvement of participants improved on the quality of the (quantitative) research rather than watering it down (epstein, 1995).;;","[{'id': 0, 'label': 'cause', 'start_offset': 79, 'end_offset': 110}, {'id': 1, 'label': 'effect', 'start_offset': 111, 'end_offset': 165}, {'id': 2, 'label': 'effect', 'start_offset': 178, 'end_offset': 194}]","[{'id': 0, 'from_id': 0, 'to_id': 1, 'type': 'Rel_CE'}, {'id': 1, 'from_id': 0, 'to_id': 2, 'type': 'Rel_CE'}]",[]
45,"e5 272 i think that, in our case, our differentials influence demand.;;","[{'id': 0, 'label': 'non-causal', 'start_offset': 0, 'end_offset': 69}]",[],[]
46,"Social preferences (Meier, 2007), warm-glow of giving (Andreoni, 1990), and strategic considerations might explain such departures from the standard game theoretic prediction.;;","[{'id': 0, 'label': 'non-causal', 'start_offset': 0, 'end_offset': 175}]",[],[]
47,You can use di erent actions in di erent matches.;;,"[{'id': 0, 'label': 'non-causal', 'start_offset': 0, 'end_offset': 49}]",[],[]
48,"to generate the best quality data, we piloted working with ypwd in order to create a more comfortable and relevant environment for the research informants, to minimise power imbalances between the researcher and the informant and to integrate meaningful youth participation in the research process.;;","[{'id': 0, 'label': 'cause', 'start_offset': 54, 'end_offset': 63}, {'id': 1, 'label': 'cause', 'start_offset': 85, 'end_offset': 154}, {'id': 2, 'label': 'effect', 'start_offset': 85, 'end_offset': 154}, {'id': 3, 'label': 'cause', 'start_offset': 159, 'end_offset': 225}, {'id': 4, 'label': 'effect', 'start_offset': 159, 'end_offset': 225}, {'id': 5, 'label': 'effect', 'start_offset': 233, 'end_offset': 297}]","[{'id': 0, 'from_id': 0, 'to_id': 2, 'type': 'Rel_CE'}, {'id': 1, 'from_id': 0, 'to_id': 4, 'type': 'Rel_CE'}, {'id': 2, 'from_id': 0, 'to_id': 5, 'type': 'Rel_CE'}]",[]
49,"however, successful functioning also involves maintaining harmony in one's current relationships and in interactions that one may have with strangers and acquaintances when accomplishing personal goals.;;","[{'id': 0, 'label': 'effect', 'start_offset': 9, 'end_offset': 31}, {'id': 1, 'label': 'effect', 'start_offset': 46, 'end_offset': 167}, {'id': 2, 'label': 'cause', 'start_offset': 173, 'end_offset': 201}]","[{'id': 0, 'from_id': 2, 'to_id': 0, 'type': 'Rel_CE'}, {'id': 1, 'from_id': 2, 'to_id': 1, 'type': 'Rel_CE'}]",[]
50,Study 3 manipulated the context in which actors viewed the goals of their group as cooperative or competitive.;;,"[{'id': 0, 'label': 'non-causal', 'start_offset': 0, 'end_offset': 110}]",[],[]
51,"importantly, the sociometer is responsive to potential cues of both rejection and acceptance.;;","[{'id': 0, 'label': 'non-causal', 'start_offset': 0, 'end_offset': 93}]",[],[]
52,"if these behavioral types are put in a dynamic context, they can generate 326 rationality and society 27(3) the well-known observation of decreasing cooperation levels in repeated public good situations.;;","[{'id': 0, 'label': 'cause', 'start_offset': 3, 'end_offset': 54}, {'id': 1, 'label': 'effect', 'start_offset': 65, 'end_offset': 106}, {'id': 2, 'label': 'effect', 'start_offset': 112, 'end_offset': 117}, {'id': 3, 'label': 'effect', 'start_offset': 123, 'end_offset': 134}, {'id': 4, 'label': 'effect', 'start_offset': 149, 'end_offset': 167}]","[{'id': 0, 'from_id': 0, 'to_id': 1, 'type': 'Rel_CE'}, {'id': 1, 'from_id': 0, 'to_id': 4, 'type': 'Rel_CE'}]",[]
53,"by contrast, many participants who initially commit to cooperation with present outcomes switch when the scenario shifts to future.;;","[{'id': 0, 'label': 'effect', 'start_offset': 52, 'end_offset': 95}, {'id': 1, 'label': 'cause', 'start_offset': 105, 'end_offset': 123}]","[{'id': 0, 'from_id': 1, 'to_id': 0, 'type': 'Rel_CE'}]",[]
54,"In sum, the base coalition was enforced by punishing defectors, not by rewards and punishments given within it.;;","[{'id': 0, 'label': 'non-causal', 'start_offset': 0, 'end_offset': 111}]",[],[]
55,"this is not about protecting others in the organization it is about protecting or preparing myself for harm, knowledge and change or finding a different way of doing things.;;","[{'id': 0, 'label': 'non-causal', 'start_offset': 0, 'end_offset': 173}]",[],[]
56,"Fogging involves diverting the other party, while broken record is simply repeating one's statement while refusing to engage in argument.;;","[{'id': 0, 'label': 'non-causal', 'start_offset': 0, 'end_offset': 137}]",[],[]
57,"""this means that when scientists find their results """"boring"""" (though methodological ly sound) or negative, they also find them hard to publish and ultimately hard to build a career on."";;","[{'id': 0, 'label': 'cause', 'start_offset': 22, 'end_offset': 62}, {'id': 1, 'label': 'cause', 'start_offset': 96, 'end_offset': 107}, {'id': 2, 'label': 'effect', 'start_offset': 114, 'end_offset': 185}]","[{'id': 0, 'from_id': 0, 'to_id': 2, 'type': 'Rel_CE'}, {'id': 1, 'from_id': 1, 'to_id': 2, 'type': 'Rel_CE'}]",[]
58,Here we focus on smiling and masculinity as cues to cooperation.;;,"[{'id': 0, 'label': 'non-causal', 'start_offset': 0, 'end_offset': 64}]",[],[]
59,"Table C2 reports the messages that were sent by 38 trustees who were distrusted in Game 1. Analyzing these messages, we find that 94.7% (36/38) of the messages used by distrusted trustees have some content.;;","[{'id': 0, 'label': 'non-causal', 'start_offset': 0, 'end_offset': 206}]",[],[]
60,"cooperation rates in homogeneous groups of prosocials were much lower in static than dynamic networks, suggesting that dynamics are also critical.;;","[{'id': 0, 'label': 'non-causal', 'start_offset': 0, 'end_offset': 146}]",[],[]
61,We collected the RSE to examine its potential role as a mediator between narcissism and the outcome variables of interest (cf.;;,"[{'id': 0, 'label': 'non-causal', 'start_offset': 0, 'end_offset': 126}]",[],[]
62,this generalisation is driven by the salient cues within the environment which are categorised and compared to previous situations.;;,"[{'id': 0, 'label': 'effect', 'start_offset': 12, 'end_offset': 19}]",[],[]
63,"therefore, both prevention programs and therapeutic interventions should include techniques that aim at the ability to sustain constant levels of self-esteem under social stress.;;","[{'id': 0, 'label': 'effect', 'start_offset': 119, 'end_offset': 177}]",[],[]
64,"conversely, when unrealistic optimists received the threatening information and were not self-affirmed in advance, they were relatively less interested in screening, suggesting defensive processing.;;","[{'id': 0, 'label': 'cause', 'start_offset': 17, 'end_offset': 113}, {'id': 1, 'label': 'effect', 'start_offset': 120, 'end_offset': 164}, {'id': 2, 'label': 'effect', 'start_offset': 177, 'end_offset': 197}]","[{'id': 0, 'from_id': 0, 'to_id': 1, 'type': 'Rel_CE'}, {'id': 1, 'from_id': 0, 'to_id': 2, 'type': 'Rel_CE'}]",[]
65,the identifiers within electronic file properties may vary depending on word processing programming.;;,"[{'id': 0, 'label': 'non-causal', 'start_offset': 0, 'end_offset': 100}]",[],[]
66,"these results imply that in order for communication to have an effect it must be task-related (i.e., related to the decision), and the addition of a public commitment to the decision is not necessary.;;","[{'id': 0, 'label': 'effect', 'start_offset': 38, 'end_offset': 69}, {'id': 1, 'label': 'cause', 'start_offset': 78, 'end_offset': 93}, {'id': 2, 'label': 'cause', 'start_offset': 135, 'end_offset': 182}]","[{'id': 0, 'from_id': 1, 'to_id': 0, 'type': 'Rel_CE'}, {'id': 1, 'from_id': 2, 'to_id': 0, 'type': 'Rel_CE'}]",[]
67,alternative explanations prior work in marketing and psychology shows that affect influences risk taking in decision making (isen and patrick 1983; leith and baumeister 1996; mittal and ross 1998).,"[{'id': 0, 'label': 'cause', 'start_offset': 75, 'end_offset': 81}, {'id': 1, 'label': 'effect', 'start_offset': 93, 'end_offset': 123}]","[{'id': 0, 'from_id': 0, 'to_id': 1, 'type': 'Rel_CE'}]",[]
68,They would form a group of three members (i.e. the participant as a newcomer and two old-timers) and each of the three group members would possess a certain number of chips.;;,"[{'id': 0, 'label': 'non-causal', 'start_offset': 0, 'end_offset': 173}]",[],[]
69,"d1 and d2 require fewer other's than own look-ups because after checking for dominance, they must compare the expected payoffs of own but not other's decisions.;;","[{'id': 0, 'label': 'effect', 'start_offset': 0, 'end_offset': 49}, {'id': 1, 'label': 'cause', 'start_offset': 58, 'end_offset': 86}, {'id': 2, 'label': 'effect', 'start_offset': 93, 'end_offset': 159}]","[{'id': 0, 'from_id': 1, 'to_id': 0, 'type': 'Rel_CE'}, {'id': 1, 'from_id': 1, 'to_id': 2, 'type': 'Rel_CE'}]",[]
70,"""although personally she feels more comfortable identifying as indian, she felt the need to note south asian as well, because historically, politically, and socially, """"south asian"""" has been the large category used to group individuals from this part of the world."";;","[{'id': 0, 'label': 'effect', 'start_offset': 48, 'end_offset': 59}, {'id': 1, 'label': 'effect', 'start_offset': 80, 'end_offset': 116}, {'id': 2, 'label': 'cause', 'start_offset': 138, 'end_offset': 152}, {'id': 3, 'label': 'cause', 'start_offset': 153, 'end_offset': 166}, {'id': 4, 'label': 'cause', 'start_offset': 167, 'end_offset': 264}]","[{'id': 0, 'from_id': 4, 'to_id': 0, 'type': 'Rel_CE'}, {'id': 1, 'from_id': 4, 'to_id': 1, 'type': 'Rel_CE'}]",[]
71,"Why Do Subjects Respond to What Others Might Donate?-Above, we establish that subjects respond to announcements of support because they provide information about what others might donate.;;","[{'id': 0, 'label': 'effect', 'start_offset': 78, 'end_offset': 122}, {'id': 1, 'label': 'cause', 'start_offset': 131, 'end_offset': 186}]","[{'id': 0, 'from_id': 1, 'to_id': 0, 'type': 'Rel_CE'}]",[]
72,"interpretation requires a degree of unavoidable subjective intervention, which of course can also underlie quantitative data.;;","[{'id': 0, 'label': 'cause', 'start_offset': 0, 'end_offset': 14}, {'id': 1, 'label': 'cause', 'start_offset': 26, 'end_offset': 71}, {'id': 2, 'label': 'effect', 'start_offset': 107, 'end_offset': 124}]","[{'id': 0, 'from_id': 0, 'to_id': 2, 'type': 'Rel_CE'}, {'id': 1, 'from_id': 1, 'to_id': 2, 'type': 'Rel_CE'}]",[]
73,"at the same time, the in-group bias among men was found not to be a consequence of spiteful behavior toward the out-group.;;","[{'id': 0, 'label': 'non-causal', 'start_offset': 0, 'end_offset': 122}]",[],[]
74,"""a posthumanist ethics therefore shifts the focus away from the power of researchers over research participants toward the """"world-making"""" powers of practices of inquiry: their ability to constitute the very nature of their objects subjects of study."";;","[{'id': 0, 'label': 'cause', 'start_offset': 3, 'end_offset': 22}, {'id': 1, 'label': 'effect', 'start_offset': 40, 'end_offset': 250}]","[{'id': 0, 'from_id': 0, 'to_id': 1, 'type': 'Rel_CE'}]",[]
75,"additionally, they could experience further pressures because of their junior roles and precarious employment.;;","[{'id': 0, 'label': 'effect', 'start_offset': 14, 'end_offset': 53}, {'id': 1, 'label': 'cause', 'start_offset': 65, 'end_offset': 109}]","[{'id': 0, 'from_id': 1, 'to_id': 0, 'type': 'Rel_CE'}]",[]
76,"however, the failure to make announced contributions decreases cooperation even though the first-mover is reassigned in every period.;;","[{'id': 0, 'label': 'cause', 'start_offset': 13, 'end_offset': 52}, {'id': 1, 'label': 'effect', 'start_offset': 53, 'end_offset': 74}, {'id': 2, 'label': 'cause', 'start_offset': 91, 'end_offset': 132}]","[{'id': 0, 'from_id': 0, 'to_id': 1, 'type': 'Rel_CE'}, {'id': 1, 'from_id': 2, 'to_id': 1, 'type': 'Rel_CE'}]",[]
77,this increases dramatically to 75% of types of games when groups can communicate.;;,"[{'id': 0, 'label': 'effect', 'start_offset': 0, 'end_offset': 52}, {'id': 1, 'label': 'cause', 'start_offset': 58, 'end_offset': 80}]","[{'id': 0, 'from_id': 1, 'to_id': 0, 'type': 'Rel_CE'}]",[]
78,"As summarized by Tajfel and Turner (1979; see also Tajfel, 1974Tajfel, , 1978;;Turner, 1975; and the papers contained in Turner & Giles, 1981), in-group bias ""is a remarkably omnipresent feature of intergroup relations"" (p.;;","[{'id': 0, 'label': 'non-causal', 'start_offset': 0, 'end_offset': 223}]",[],[]
79,"In C1, each interaction pair continues to the next round with probability 5/6 and is terminated with probability 1/6.;;","[{'id': 0, 'label': 'non-causal', 'start_offset': 0, 'end_offset': 117}]",[],[]
80,trying to replicate the results of other researchers is therefore a requirement of the scientific method and a necessity for science to be self correcting;;,"[{'id': 0, 'label': 'cause', 'start_offset': 0, 'end_offset': 52}, {'id': 1, 'label': 'effect', 'start_offset': 80, 'end_offset': 104}, {'id': 2, 'label': 'effect', 'start_offset': 125, 'end_offset': 154}]","[{'id': 0, 'from_id': 0, 'to_id': 1, 'type': 'Rel_CE'}, {'id': 1, 'from_id': 0, 'to_id': 2, 'type': 'Rel_CE'}]",[]
81,"furthermore, exclusion was positively correlated with an increase in negative behavior including delinquency (stealing, damaging others' property, or skipping school), cigarette use, and alcohol use.;;","[{'id': 0, 'label': 'cause', 'start_offset': 13, 'end_offset': 22}, {'id': 1, 'label': 'effect', 'start_offset': 69, 'end_offset': 86}, {'id': 2, 'label': 'effect', 'start_offset': 97, 'end_offset': 108}]","[{'id': 0, 'from_id': 0, 'to_id': 1, 'type': 'Rel_CE'}, {'id': 1, 'from_id': 0, 'to_id': 2, 'type': 'Rel_CE'}]",[]
82,it was also predicted that the powerinversion effect would be observed in the truel situations in which no coalitions were allowed to form and in the deterministic coalition formation situation.;;,"[{'id': 0, 'label': 'non-causal', 'start_offset': 0, 'end_offset': 194}]",[],[]
83,"Before closing, we wish to outline some of the strengths and limitations of the scenario paradigm that was used in the current research.;;","[{'id': 0, 'label': 'non-causal', 'start_offset': 0, 'end_offset': 136}]",[],[]
84,"carter-sowell, chen and williams (2008) demonstrated that excluded individuals showed greater social susceptibility than people who were included, and goodwin, williams and carter-sowell (2010) found that ostracism can also be viewed as a form of racism discrimination in certain contexts.;;","[{'id': 0, 'label': 'cause', 'start_offset': 58, 'end_offset': 78}, {'id': 1, 'label': 'effect', 'start_offset': 86, 'end_offset': 115}, {'id': 2, 'label': 'cause', 'start_offset': 205, 'end_offset': 214}, {'id': 3, 'label': 'effect', 'start_offset': 247, 'end_offset': 268}]","[{'id': 0, 'from_id': 0, 'to_id': 1, 'type': 'Rel_CE'}, {'id': 1, 'from_id': 0, 'to_id': 3, 'type': 'Rel_CE'}, {'id': 2, 'from_id': 2, 'to_id': 1, 'type': 'Rel_CE'}, {'id': 3, 'from_id': 2, 'to_id': 3, 'type': 'Rel_CE'}]",[]
85,the fact that we do observe difference in subjects' punishment decisions that is consistent with our hypothesis also suggests that subjects do take their decisions seriously.;;,"[{'id': 0, 'label': 'cause', 'start_offset': 39, 'end_offset': 72}, {'id': 1, 'label': 'effect', 'start_offset': 131, 'end_offset': 173}]","[{'id': 0, 'from_id': 0, 'to_id': 1, 'type': 'Rel_CE'}]",[]
86,"Thus, (1, 0)* stands for the pattern (1, 0), (0, 1), (1, 0), .;;","[{'id': 0, 'label': 'non-causal', 'start_offset': 0, 'end_offset': 62}]",[],[]
87,"in other words, as krefting (1990) emphasized, little attention is paid to trustworthiness despite the increasing interest in qualitative research.;;","[{'id': 0, 'label': 'non-causal', 'start_offset': 0, 'end_offset': 147}]",[],[]
88,"Following Liebrand (1984) measurements with a consistency lower than 600 were not included in the analyses (15 of the first part and 12 of the third part; in total, 23 subjects had a consistency lower than 600 in at least one part).;;","[{'id': 0, 'label': 'non-causal', 'start_offset': 0, 'end_offset': 232}]",[],[]
89,e-mail: deb on oae ws su edu doi: 10 1111 j asp 12013 abstract we propose that egotism about one's abilities may be related to good self-regulation and a lack of self-control may reduce estimations of aptitudes self control depletion should lead to more accurate and therefore less lofty predictions of future performances.;;,"[{'id': 0, 'label': 'effect', 'start_offset': 79, 'end_offset': 108}, {'id': 1, 'label': 'cause', 'start_offset': 127, 'end_offset': 131}, {'id': 2, 'label': 'effect', 'start_offset': 127, 'end_offset': 131}, {'id': 3, 'label': 'effect', 'start_offset': 132, 'end_offset': 147}, {'id': 4, 'label': 'cause', 'start_offset': 154, 'end_offset': 174}, {'id': 5, 'label': 'effect', 'start_offset': 179, 'end_offset': 210}, {'id': 6, 'label': 'cause', 'start_offset': 211, 'end_offset': 233}, {'id': 7, 'label': 'effect', 'start_offset': 249, 'end_offset': 262}, {'id': 8, 'label': 'effect', 'start_offset': 277, 'end_offset': 322}]","[{'id': 0, 'from_id': 1, 'to_id': 7, 'type': 'Rel_CE'}, {'id': 1, 'from_id': 1, 'to_id': 8, 'type': 'Rel_CE'}, {'id': 2, 'from_id': 4, 'to_id': 0, 'type': 'Rel_CE'}, {'id': 3, 'from_id': 4, 'to_id': 5, 'type': 'Rel_CE'}, {'id': 4, 'from_id': 4, 'to_id': 7, 'type': 'Rel_CE'}, {'id': 5, 'from_id': 4, 'to_id': 8, 'type': 'Rel_CE'}, {'id': 6, 'from_id': 6, 'to_id': 0, 'type': 'Rel_CE'}, {'id': 7, 'from_id': 6, 'to_id': 5, 'type': 'Rel_CE'}, {'id': 8, 'from_id': 6, 'to_id': 7, 'type': 'Rel_CE'}, {'id': 9, 'from_id': 6, 'to_id': 8, 'type': 'Rel_CE'}]",[]
90,the quintessence of qualitative interpretative strategy is the recursive process used by researchers to solidify results.;;,"[{'id': 0, 'label': 'non-causal', 'start_offset': 0, 'end_offset': 121}]",[],[]
91,Supplementary data are available at SCAN online.;;,"[{'id': 0, 'label': 'non-causal', 'start_offset': 0, 'end_offset': 48}]",[],[]
92,"coverage errors are also acute for populations who live in informal settlements unrecognized by the state, including the nearly 800 million people who live in urban slums worldwide (united nations 2014).;;","[{'id': 0, 'label': 'effect', 'start_offset': 0, 'end_offset': 8}, {'id': 1, 'label': 'cause', 'start_offset': 68, 'end_offset': 105}]","[{'id': 0, 'from_id': 1, 'to_id': 0, 'type': 'Rel_CE'}]",[]
93,"""researchers will need to make decisions in the field, taking account of the context, because research ethics committees lack the necessary understanding of contextual detail (boden et al., 2009; hammersley, 2007)."";;","[{'id': 0, 'label': 'effect', 'start_offset': 1, 'end_offset': 84}, {'id': 1, 'label': 'cause', 'start_offset': 94, 'end_offset': 174}]","[{'id': 0, 'from_id': 1, 'to_id': 0, 'type': 'Rel_CE'}]",[]
94,qualitative inquiry requires researchers and evaluators to know credibility techniques well enough so that they can apply and blend them so as to help justify their findings.;;,"[{'id': 0, 'label': 'cause', 'start_offset': 0, 'end_offset': 11}, {'id': 1, 'label': 'cause', 'start_offset': 29, 'end_offset': 58}, {'id': 2, 'label': 'cause', 'start_offset': 59, 'end_offset': 98}, {'id': 3, 'label': 'effect', 'start_offset': 59, 'end_offset': 98}, {'id': 4, 'label': 'cause', 'start_offset': 116, 'end_offset': 136}, {'id': 5, 'label': 'effect', 'start_offset': 116, 'end_offset': 136}, {'id': 6, 'label': 'effect', 'start_offset': 151, 'end_offset': 173}]","[{'id': 0, 'from_id': 0, 'to_id': 6, 'type': 'Rel_CE'}, {'id': 1, 'from_id': 1, 'to_id': 6, 'type': 'Rel_CE'}, {'id': 2, 'from_id': 2, 'to_id': 5, 'type': 'Rel_CE'}, {'id': 3, 'from_id': 2, 'to_id': 6, 'type': 'Rel_CE'}, {'id': 4, 'from_id': 4, 'to_id': 6, 'type': 'Rel_CE'}]",[]
95,Analyzed the data: fffdf JMS MD.;;,"[{'id': 0, 'label': 'non-causal', 'start_offset': 0, 'end_offset': 32}]",[],[]
96,Participants then had up to three seconds to respond to the tone and the outcome of that round remained on the screen until participants responded.;;,"[{'id': 0, 'label': 'non-causal', 'start_offset': 0, 'end_offset': 147}]",[],[]
97,"clearly, the current paper is motivated by a belief that, despite the arguments in (c1), endowment size may matter.;;","[{'id': 0, 'label': 'non-causal', 'start_offset': 0, 'end_offset': 115}]",[],[]
98,"this process is best considered iterative, meaning that there may be some trial-and-error in the checking procedures.;;","[{'id': 0, 'label': 'effect', 'start_offset': 74, 'end_offset': 116}]",[],[]
99,"as a parent, i appreciated the program and certainly, if it was geographically more accessible my son would still be a participant - he loved it.;;","[{'id': 0, 'label': 'cause', 'start_offset': 31, 'end_offset': 38}, {'id': 1, 'label': 'cause', 'start_offset': 57, 'end_offset': 94}, {'id': 2, 'label': 'effect', 'start_offset': 108, 'end_offset': 130}]","[{'id': 0, 'from_id': 0, 'to_id': 2, 'type': 'Rel_CE'}, {'id': 1, 'from_id': 1, 'to_id': 2, 'type': 'Rel_CE'}]",[]
100,"by sharing insights into the issues that emerge and decision-making processes to address them, a solid grounding to support other researchers can be built.;;","[{'id': 0, 'label': 'cause', 'start_offset': 3, 'end_offset': 93}, {'id': 1, 'label': 'effect', 'start_offset': 97, 'end_offset': 141}, {'id': 2, 'label': 'effect', 'start_offset': 146, 'end_offset': 154}]","[{'id': 0, 'from_id': 0, 'to_id': 1, 'type': 'Rel_CE'}, {'id': 1, 'from_id': 0, 'to_id': 2, 'type': 'Rel_CE'}]",[]
101,Del Vecchio and O' Leary (2004) reviewed 23 studies of treatment for anger and found mean weighted effect sizes ranged from 0.61 to 0.90.;;,"[{'id': 0, 'label': 'non-causal', 'start_offset': 0, 'end_offset': 137}]",[],[]
102,Figure 3 provides a visual representation of the proposed process of exposure from expressive writing reducing the experience of anger.;;,"[{'id': 0, 'label': 'non-causal', 'start_offset': 0, 'end_offset': 135}]",[],[]
103,we also find that behindness averse subjects chose to compete less often (59 percent) than subjects who chose the unequal distribution (67 percent) at least once in the envy games.;;,"[{'id': 0, 'label': 'non-causal', 'start_offset': 0, 'end_offset': 180}]",[],[]
104,"Other features with similar effects, but that are not covered by our design, include strategic ignorance as to the recipient's outcome (Feiler, 2014;Larson & Capra, 2009;Matthey & Regner, 2011) or recipient's ignorance about endowment (Ockenfels & Werner, 2012).;;","[{'id': 0, 'label': 'non-causal', 'start_offset': 0, 'end_offset': 262}]",[],[]
105,"For returning rate, Z i includes the mean points given by out-group coparticipant for the 'returning' decision.;;","[{'id': 0, 'label': 'non-causal', 'start_offset': 0, 'end_offset': 111}]",[],[]
106,"similarly, individuals may infer rejection when faced with an ambiguous or uncertain situation (i.e.;;","[{'id': 0, 'label': 'effect', 'start_offset': 11, 'end_offset': 42}, {'id': 1, 'label': 'cause', 'start_offset': 48, 'end_offset': 94}]","[{'id': 0, 'from_id': 1, 'to_id': 0, 'type': 'Rel_CE'}]",[]
107,"These results parallel our findings for the PC treatment, and confirm the importance of advancing the efficiency and conformity arguments, as well as of exemplifying payoff computations, to contribution levels.;;","[{'id': 0, 'label': 'non-causal', 'start_offset': 0, 'end_offset': 210}]",[],[]
108,"consequently, when the level of threshold is difficult to reach people are expected to provide more support for and cooperate with a leader that monitors and controls the contributions made toward the public good.;;","[{'id': 0, 'label': 'cause', 'start_offset': 23, 'end_offset': 63}, {'id': 1, 'label': 'effect', 'start_offset': 64, 'end_offset': 212}]","[{'id': 0, 'from_id': 0, 'to_id': 1, 'type': 'Rel_CE'}]",[]
109,yet our findings suggest that empathy gaps for physical and psychological pain undermine people's ability to objectively evaluate interrogation practices.;;,"[{'id': 0, 'label': 'cause', 'start_offset': 30, 'end_offset': 78}, {'id': 1, 'label': 'effect', 'start_offset': 79, 'end_offset': 153}]","[{'id': 0, 'from_id': 0, 'to_id': 1, 'type': 'Rel_CE'}]",[]
110,"ellingsen and johannesson (2004) and miettinen (2008) proposed models in which players suffer a disutility if they do not act as they announced or promised to do, and vanberg (2008) provided evidence that people have a preference for keeping promises per se.;;","[{'id': 0, 'label': 'effect', 'start_offset': 79, 'end_offset': 106}, {'id': 1, 'label': 'cause', 'start_offset': 110, 'end_offset': 133}, {'id': 2, 'label': 'cause', 'start_offset': 147, 'end_offset': 161}]","[{'id': 0, 'from_id': 1, 'to_id': 0, 'type': 'Rel_CE'}, {'id': 1, 'from_id': 2, 'to_id': 0, 'type': 'Rel_CE'}]",[]
111,Hypothesis 3. Contributions to the public good game will not change as social fragmentation increases.;;,"[{'id': 0, 'label': 'effect', 'start_offset': 14, 'end_offset': 67}, {'id': 1, 'label': 'cause', 'start_offset': 71, 'end_offset': 101}]","[{'id': 0, 'from_id': 1, 'to_id': 0, 'type': 'Rel_CE'}]",[]
112,The display was arranged so that the video of the confederate was about the same size as the computer player display discussed below.;;,"[{'id': 0, 'label': 'non-causal', 'start_offset': 0, 'end_offset': 133}]",[],[]
113,the dilemma of why people contribute to the provision of public goods when it is individually rational not to do so is a specific case of a more general class of problems that scholars call social dilemmas.;;,"[{'id': 0, 'label': 'non-causal', 'start_offset': 0, 'end_offset': 206}]",[],[]
114,"in absence of social support, excluded participants started to acutely seek and value money as a means to secure what they want out of the social system.;;","[{'id': 0, 'label': 'cause', 'start_offset': 3, 'end_offset': 28}, {'id': 1, 'label': 'effect', 'start_offset': 30, 'end_offset': 70}, {'id': 2, 'label': 'cause', 'start_offset': 71, 'end_offset': 152}, {'id': 3, 'label': 'effect', 'start_offset': 71, 'end_offset': 152}]","[{'id': 0, 'from_id': 0, 'to_id': 1, 'type': 'Rel_CE'}, {'id': 1, 'from_id': 0, 'to_id': 3, 'type': 'Rel_CE'}]",[]
115,"Hamilton, Nickerson, and Owan (2003). 6;;","[{'id': 0, 'label': 'non-causal', 'start_offset': 0, 'end_offset': 39}]",[],[]
116,"consequently, the punishment institution does not increase contribution levels, while reducing efficiency.;;","[{'id': 0, 'label': 'cause', 'start_offset': 14, 'end_offset': 40}, {'id': 1, 'label': 'effect', 'start_offset': 50, 'end_offset': 78}, {'id': 2, 'label': 'effect', 'start_offset': 86, 'end_offset': 105}]","[{'id': 0, 'from_id': 0, 'to_id': 1, 'type': 'Rel_CE'}, {'id': 1, 'from_id': 0, 'to_id': 2, 'type': 'Rel_CE'}]",[]
117,"thus, although we think this is rather implausible, it is possible that participants simply did not attend to our instruction about who they were playing the ball game with, and that is why we found no main effects or interactions with the human/computer manipulation on the self-reported needs.;;","[{'id': 0, 'label': 'cause', 'start_offset': 72, 'end_offset': 172}, {'id': 1, 'label': 'cause', 'start_offset': 231, 'end_offset': 294}]",[],[]
118,More experimental investigations of the effects of group size in large groups and perceived relatedness on public goods provisioning strategies are indispensable.;;,"[{'id': 0, 'label': 'non-causal', 'start_offset': 0, 'end_offset': 162}]",[],[]
119,"level between all groups, except OOMM and ABS.;;","[{'id': 0, 'label': 'non-causal', 'start_offset': 0, 'end_offset': 46}]",[],[]
120,"Out of 36 players, 7 indicate a narrow interval for their belief about the mean of level-0 actions.;;","[{'id': 0, 'label': 'non-causal', 'start_offset': 0, 'end_offset': 99}]",[],[]
121,"of course, the strategies involved in such scenarios are exceedingly complex, but it is conceivable that a first-strike option appears attractive partly because the adversary's precise arsenals are not known.;;","[{'id': 0, 'label': 'non-causal', 'start_offset': 0, 'end_offset': 208}]",[],[]
122,"To explore this issue, one must examine the concept of interaction.;;","[{'id': 0, 'label': 'non-causal', 'start_offset': 0, 'end_offset': 67}]",[],[]
123,"In a modified helping game, Engelmann and Fischbacher (2009) disentangle indirect reciprocity and strategic reputation building.;;","[{'id': 0, 'label': 'non-causal', 'start_offset': 0, 'end_offset': 128}]",[],[]
124,"""research of this kind can reveal the complex consequences of medical technologies that would otherwise be subsumed under the narrative of the medico technical """"fix."""""";;","[{'id': 0, 'label': 'cause', 'start_offset': 1, 'end_offset': 12}, {'id': 1, 'label': 'effect', 'start_offset': 34, 'end_offset': 166}]","[{'id': 0, 'from_id': 0, 'to_id': 1, 'type': 'Rel_CE'}]",[]
125,"a potential limitation of this review is that although we included many databases that index health research publications, we may have missed some publications indexed in databases not included in our search.;;","[{'id': 0, 'label': 'effect', 'start_offset': 142, 'end_offset': 159}]",[],[]
126,"as wesselmann and williams (2011) review, identity disguise in online interactions might lead to uninhibited behavior such as insulting others (sproull & kiesler, 1986), sexual harassment (barak, 2005), cyber bullying (kowalski & limber, 2007), or hatred (coffey & woolworth, 2004).;;","[{'id': 0, 'label': 'cause', 'start_offset': 42, 'end_offset': 82}, {'id': 1, 'label': 'effect', 'start_offset': 97, 'end_offset': 117}, {'id': 2, 'label': 'effect', 'start_offset': 126, 'end_offset': 142}, {'id': 3, 'label': 'effect', 'start_offset': 170, 'end_offset': 187}, {'id': 4, 'label': 'effect', 'start_offset': 203, 'end_offset': 217}, {'id': 5, 'label': 'effect', 'start_offset': 248, 'end_offset': 254}]","[{'id': 0, 'from_id': 0, 'to_id': 1, 'type': 'Rel_CE'}, {'id': 1, 'from_id': 0, 'to_id': 2, 'type': 'Rel_CE'}, {'id': 2, 'from_id': 0, 'to_id': 3, 'type': 'Rel_CE'}, {'id': 3, 'from_id': 0, 'to_id': 4, 'type': 'Rel_CE'}, {'id': 4, 'from_id': 0, 'to_id': 5, 'type': 'Rel_CE'}]",[]
127,"""before going on to the main part of the study, the participants were asked to first complete a political affiliation questionnaire """"because recent studies suggest that many students have strong political views and these views may influence their decision making processes."""""";;","[{'id': 0, 'label': 'effect', 'start_offset': 94, 'end_offset': 131}, {'id': 1, 'label': 'cause', 'start_offset': 170, 'end_offset': 215}, {'id': 2, 'label': 'cause', 'start_offset': 216, 'end_offset': 227}, {'id': 3, 'label': 'cause', 'start_offset': 232, 'end_offset': 273}, {'id': 4, 'label': 'effect', 'start_offset': 232, 'end_offset': 273}]","[{'id': 0, 'from_id': 1, 'to_id': 0, 'type': 'Rel_CE'}, {'id': 1, 'from_id': 1, 'to_id': 4, 'type': 'Rel_CE'}, {'id': 2, 'from_id': 2, 'to_id': 0, 'type': 'Rel_CE'}, {'id': 3, 'from_id': 2, 'to_id': 4, 'type': 'Rel_CE'}, {'id': 4, 'from_id': 3, 'to_id': 0, 'type': 'Rel_CE'}]",[]
128,"however, the positive approach of ai would allow a researcher to develop a rapport with participants to better understand the group culture, perhaps not when using observational methods, but indeed so when engaging with participants about their culture through interviews or focus groups.;;","[{'id': 0, 'label': 'cause', 'start_offset': 13, 'end_offset': 36}, {'id': 1, 'label': 'effect', 'start_offset': 51, 'end_offset': 139}, {'id': 2, 'label': 'cause', 'start_offset': 158, 'end_offset': 185}, {'id': 3, 'label': 'cause', 'start_offset': 206, 'end_offset': 287}]","[{'id': 0, 'from_id': 0, 'to_id': 1, 'type': 'Rel_CE'}, {'id': 1, 'from_id': 2, 'to_id': 1, 'type': 'Rel_CE'}, {'id': 2, 'from_id': 3, 'to_id': 1, 'type': 'Rel_CE'}]",[]
129,mixed with issues of intercultural and interlinguistic research is the inevitable oversimplicity of some questions and the possibility that some respondents might want to keep some things to themselves.;;,"[{'id': 0, 'label': 'cause', 'start_offset': 82, 'end_offset': 114}, {'id': 1, 'label': 'effect', 'start_offset': 145, 'end_offset': 201}]","[{'id': 0, 'from_id': 0, 'to_id': 1, 'type': 'Rel_CE'}]",[]
130,"we assert that, in addition, this will be the case no matter whether exclusion is based on one's own actions or on the actions of others.;;","[{'id': 0, 'label': 'cause', 'start_offset': 101, 'end_offset': 108}]",[],[]
131,"Similarly, we find that for all b > a, the payoff in subgame (b, a) is the same as that in (a, a);;","[{'id': 0, 'label': 'non-causal', 'start_offset': 0, 'end_offset': 97}]",[],[]
132,"in particular, it reduces the extent to which people believe that they possess attributes that are fundamental to our shared humanity (i.e., human nature).;;","[{'id': 0, 'label': 'effect', 'start_offset': 53, 'end_offset': 89}, {'id': 1, 'label': 'effect', 'start_offset': 99, 'end_offset': 113}, {'id': 2, 'label': 'effect', 'start_offset': 114, 'end_offset': 133}]",[],[]
133,"and as a consequence, victims may be worse off when more bystanders are present.;;","[{'id': 0, 'label': 'effect', 'start_offset': 22, 'end_offset': 46}, {'id': 1, 'label': 'cause', 'start_offset': 52, 'end_offset': 79}]","[{'id': 0, 'from_id': 1, 'to_id': 0, 'type': 'Rel_CE'}]",[]
134,Table 2 shows these minimum ratios.;;,"[{'id': 0, 'label': 'non-causal', 'start_offset': 0, 'end_offset': 35}]",[],[]
135,"In addition, when those playing TFl play against those who don't, the TFT players are no worse off than the others.;;","[{'id': 0, 'label': 'cause', 'start_offset': 18, 'end_offset': 63}, {'id': 1, 'label': 'effect', 'start_offset': 66, 'end_offset': 114}]","[{'id': 0, 'from_id': 0, 'to_id': 1, 'type': 'Rel_CE'}]",[]
136,"Figure 3 displays the distribution of subjects classified according to their effort choice being a best reply to their own prediction of others' behavior (""intended best reply""), or being too low (""intended sacrifice""), or too high (""intended waste"").;;","[{'id': 0, 'label': 'non-causal', 'start_offset': 0, 'end_offset': 251}]",[],[]
137,"additionally, constraints specific to the study (the fact that the researcher had to follow participants as they took photos), potentiated participants' responses: while taking photos, participants moved around or invited the researcher to do so in order to make their discomfort communicable.;;","[{'id': 0, 'label': 'cause', 'start_offset': 14, 'end_offset': 47}, {'id': 1, 'label': 'cause', 'start_offset': 67, 'end_offset': 104}, {'id': 2, 'label': 'cause', 'start_offset': 108, 'end_offset': 124}, {'id': 3, 'label': 'effect', 'start_offset': 127, 'end_offset': 162}, {'id': 4, 'label': 'cause', 'start_offset': 170, 'end_offset': 183}, {'id': 5, 'label': 'cause', 'start_offset': 185, 'end_offset': 213}, {'id': 6, 'label': 'effect', 'start_offset': 185, 'end_offset': 213}, {'id': 7, 'label': 'cause', 'start_offset': 214, 'end_offset': 245}, {'id': 8, 'label': 'effect', 'start_offset': 214, 'end_offset': 245}, {'id': 9, 'label': 'effect', 'start_offset': 255, 'end_offset': 292}]","[{'id': 0, 'from_id': 0, 'to_id': 3, 'type': 'Rel_CE'}, {'id': 1, 'from_id': 0, 'to_id': 9, 'type': 'Rel_CE'}, {'id': 2, 'from_id': 1, 'to_id': 3, 'type': 'Rel_CE'}, {'id': 3, 'from_id': 1, 'to_id': 6, 'type': 'Rel_CE'}, {'id': 4, 'from_id': 1, 'to_id': 8, 'type': 'Rel_CE'}, {'id': 5, 'from_id': 1, 'to_id': 9, 'type': 'Rel_CE'}, {'id': 6, 'from_id': 2, 'to_id': 3, 'type': 'Rel_CE'}, {'id': 7, 'from_id': 2, 'to_id': 9, 'type': 'Rel_CE'}, {'id': 8, 'from_id': 4, 'to_id': 3, 'type': 'Rel_CE'}, {'id': 9, 'from_id': 4, 'to_id': 9, 'type': 'Rel_CE'}, {'id': 10, 'from_id': 5, 'to_id': 3, 'type': 'Rel_CE'}, {'id': 11, 'from_id': 5, 'to_id': 9, 'type': 'Rel_CE'}, {'id': 12, 'from_id': 7, 'to_id': 3, 'type': 'Rel_CE'}, {'id': 13, 'from_id': 7, 'to_id': 9, 'type': 'Rel_CE'}]",[]
138,We call x the cooperativeness of the society.;;,"[{'id': 0, 'label': 'non-causal', 'start_offset': 0, 'end_offset': 45}]",[],[]
139,"furthermore, conventional wisdom is to assume that four item scales have less measurement error than single-item ratings.;;","[{'id': 0, 'label': 'non-causal', 'start_offset': 0, 'end_offset': 121}]",[],[]
140,"""the benefits may also be different: disabled researchers may develop practical skills, improved self-confidence and strengthened social networks; whereas, the academics may focus more on gaining university career advancement and improving academic knowledge."";;","[{'id': 0, 'label': 'cause', 'start_offset': 37, 'end_offset': 57}, {'id': 1, 'label': 'effect', 'start_offset': 62, 'end_offset': 87}, {'id': 2, 'label': 'effect', 'start_offset': 88, 'end_offset': 116}, {'id': 3, 'label': 'effect', 'start_offset': 117, 'end_offset': 145}, {'id': 4, 'label': 'effect', 'start_offset': 160, 'end_offset': 229}, {'id': 5, 'label': 'effect', 'start_offset': 230, 'end_offset': 258}]","[{'id': 0, 'from_id': 0, 'to_id': 1, 'type': 'Rel_CE'}, {'id': 1, 'from_id': 0, 'to_id': 2, 'type': 'Rel_CE'}, {'id': 2, 'from_id': 0, 'to_id': 3, 'type': 'Rel_CE'}, {'id': 3, 'from_id': 0, 'to_id': 4, 'type': 'Rel_CE'}, {'id': 4, 'from_id': 0, 'to_id': 5, 'type': 'Rel_CE'}]",[]
141,"yet, on the basis of the number of subjects predicting cooperation on the first trial, game 5 with its relatively large temptation and low threat seems to arouse the greatest suspicion of a doublecross by the other player.;;","[{'id': 0, 'label': 'non-causal', 'start_offset': 0, 'end_offset': 222}]",[],[]
142,"Further, we used non-parametric tests, i.e., Cochran's Q and fcfemar's change tests.;;","[{'id': 0, 'label': 'non-causal', 'start_offset': 0, 'end_offset': 84}]",[],[]
143,"""also, low contributors might have punished high ones to show disdain for """"goody goodies,"""" to increase their relative earnings, or simply to amuse themselves."";;","[{'id': 0, 'label': 'cause', 'start_offset': 7, 'end_offset': 23}, {'id': 1, 'label': 'effect', 'start_offset': 44, 'end_offset': 56}, {'id': 2, 'label': 'effect', 'start_offset': 57, 'end_offset': 89}, {'id': 3, 'label': 'effect', 'start_offset': 96, 'end_offset': 128}, {'id': 4, 'label': 'effect', 'start_offset': 143, 'end_offset': 159}]","[{'id': 0, 'from_id': 0, 'to_id': 1, 'type': 'Rel_CE'}, {'id': 1, 'from_id': 0, 'to_id': 2, 'type': 'Rel_CE'}, {'id': 2, 'from_id': 0, 'to_id': 3, 'type': 'Rel_CE'}, {'id': 3, 'from_id': 0, 'to_id': 4, 'type': 'Rel_CE'}]",[]
144,"while it maintains the strength of the group or individuals employing it, ostracism has the unique capability of threatening at least four fundamental needs: belonging, self-esteem, control, and meaningful existence (williams, 2009).;;","[{'id': 0, 'label': 'effect', 'start_offset': 23, 'end_offset': 34}, {'id': 1, 'label': 'cause', 'start_offset': 74, 'end_offset': 83}, {'id': 2, 'label': 'effect', 'start_offset': 113, 'end_offset': 127}, {'id': 3, 'label': 'effect', 'start_offset': 134, 'end_offset': 156}]","[{'id': 0, 'from_id': 1, 'to_id': 0, 'type': 'Rel_CE'}, {'id': 1, 'from_id': 1, 'to_id': 2, 'type': 'Rel_CE'}, {'id': 2, 'from_id': 1, 'to_id': 3, 'type': 'Rel_CE'}]",[]
145,"as expected, persons who had a high approval csw reported more social threat and threatened belongingness from the interpersonal task.;;","[{'id': 0, 'label': 'cause', 'start_offset': 13, 'end_offset': 48}, {'id': 1, 'label': 'effect', 'start_offset': 49, 'end_offset': 133}]","[{'id': 0, 'from_id': 0, 'to_id': 1, 'type': 'Rel_CE'}]",[]
146,"specifically, an organism's ultimate success is determined by its ability to survive long enough to reproduce and to ensure that those offspring reach reproductive age themselves.;;","[{'id': 0, 'label': 'non-causal', 'start_offset': 0, 'end_offset': 179}]",[],[]
147,"Having a ceratin outcome of our own exercising, we know we are causal agents.;;","[{'id': 0, 'label': 'non-causal', 'start_offset': 0, 'end_offset': 77}]",[],[]
148,"Research on reputation effects in trust games, which arguably represent a simpler social dilemma, has shown that this assumption is problematic [43].;;","[{'id': 0, 'label': 'non-causal', 'start_offset': 0, 'end_offset': 149}]",[],[]
149,"To initiate a trial, the back perch lights (LEDs) for both subjects illuminated to signal the start of a trial.;;","[{'id': 0, 'label': 'non-causal', 'start_offset': 0, 'end_offset': 111}]",[],[]
150,"first, the top right panel depicts a clear increase in punishment by minority players as a function of the punished party's relative contribution.;;","[{'id': 0, 'label': 'non-causal', 'start_offset': 0, 'end_offset': 146}]",[],[]
151,"building on recent research from marketing and psychology, we proposed that experiencing interpersonal rejection may foster riskier but potentially more lucrative financial decisions.;;","[{'id': 0, 'label': 'cause', 'start_offset': 76, 'end_offset': 112}, {'id': 1, 'label': 'effect', 'start_offset': 117, 'end_offset': 182}]","[{'id': 0, 'from_id': 0, 'to_id': 1, 'type': 'Rel_CE'}]",[]
152,"here, the pausing of first stage decisions for multiple rounds of punishment may be impracticable.;;","[{'id': 0, 'label': 'cause', 'start_offset': 10, 'end_offset': 17}]",[],[]
153,older men were likely to have larger families and in general are more likely than younger men to not discount the future and to be concerned with securing future fish populations.;;,"[{'id': 0, 'label': 'cause', 'start_offset': 0, 'end_offset': 5}]",[],[]
154,"""in line with laymen's conceptions, clas­ sical economic theory, and previous theorizing (lea et al., 1987; seuntjens et al., 2014; wang & murnighan, 2011), greed was associated with higher dispositional tendencies to maximize, to behave self interested ly to experience envy, and to be materialis­ tic."";;","[{'id': 0, 'label': 'non-causal', 'start_offset': 0, 'end_offset': 304}]",[],[]
155,"""hole, r. (2007), """"working between languages and cultures: issues of representation, voice, and authority intensified"""", qualitative inquiry, vol."";;","[{'id': 0, 'label': 'non-causal', 'start_offset': 0, 'end_offset': 148}]",[],[]
156,we add that excluded people are equally hurt when it results from a failure to claim inclusion as when it results from being denied inclusion.;;,"[{'id': 0, 'label': 'effect', 'start_offset': 12, 'end_offset': 44}, {'id': 1, 'label': 'cause', 'start_offset': 66, 'end_offset': 94}, {'id': 2, 'label': 'cause', 'start_offset': 119, 'end_offset': 141}]","[{'id': 0, 'from_id': 1, 'to_id': 0, 'type': 'Rel_CE'}, {'id': 1, 'from_id': 2, 'to_id': 0, 'type': 'Rel_CE'}]",[]
157,"a smiling facial expression, in contrast, may be used to express an invitation to engage into a cooperative interaction and to communicate prosociality (eckel & wilson, 2003).;;","[{'id': 0, 'label': 'non-causal', 'start_offset': 0, 'end_offset': 175}]",[],[]
158,"The hypothetical delayed or probabilistic rewards in the Green et al. study varied from $100 to $10,000; it would have been practically impossible to have done this study with real rewards.;;","[{'id': 0, 'label': 'non-causal', 'start_offset': 0, 'end_offset': 189}]",[],[]
159,"Computer terminals were partitioned, so that subjects were unable to communicate, gesture, or to look at other computer screens.;;","[{'id': 0, 'label': 'non-causal', 'start_offset': 0, 'end_offset': 128}]",[],[]
160,"""green, j. and thorogood, n. (2014), """"beginning data analysis"""", qualitative methods for health research, vol."";;","[{'id': 0, 'label': 'non-causal', 'start_offset': 0, 'end_offset': 112}]",[],[]
161,"secondly, as the focus of this paper relates to how preferences for equity principles shift under different circumstances (specifically when nationality is known versus unknown) and not the dilemma between immediate action and future consequences, this game is designed as a one-shot public good game.;;","[{'id': 0, 'label': 'non-causal', 'start_offset': 0, 'end_offset': 301}]",[],[]
162,"In the intergroup chicken game, we performed two types of symmetr symmetry within each dyad (team) and the symmetry among all four p the suitable X2 values).;;","[{'id': 0, 'label': 'non-causal', 'start_offset': 0, 'end_offset': 157}]",[],[]
163,"this scholarship often draws on wilson's (1984) biophilia hypothesis, which posits that humans have an innate need to associate with other living things due to our evolutionary history.;;","[{'id': 0, 'label': 'effect', 'start_offset': 88, 'end_offset': 152}, {'id': 1, 'label': 'cause', 'start_offset': 160, 'end_offset': 184}]","[{'id': 0, 'from_id': 1, 'to_id': 0, 'type': 'Rel_CE'}]",[]
164,Note that resting alpha activity is an inverse indicator of cortical activation.;;,"[{'id': 0, 'label': 'non-causal', 'start_offset': 0, 'end_offset': 80}]",[],[]
165,This explains the strong performance in Table 7 of the RL-BB model.;;,"[{'id': 0, 'label': 'non-causal', 'start_offset': 0, 'end_offset': 67}]",[],[]
166,"In this experiment, we tested if the presentation of a random number could serve as a cognitive anchor and influence the amount of shared information.;;","[{'id': 0, 'label': 'cause', 'start_offset': 37, 'end_offset': 68}, {'id': 1, 'label': 'effect', 'start_offset': 86, 'end_offset': 102}, {'id': 2, 'label': 'effect', 'start_offset': 117, 'end_offset': 149}]","[{'id': 0, 'from_id': 0, 'to_id': 1, 'type': 'Rel_CE'}, {'id': 1, 'from_id': 0, 'to_id': 2, 'type': 'Rel_CE'}]",[]
167,"or, conversely, can one's need to belong and affiliate indirectly lead to reckless driving?;;","[{'id': 0, 'label': 'non-causal', 'start_offset': 0, 'end_offset': 91}]",[],[]
168,"as a result, although researchers are coproducers of knowledge, intentions of highlighting the voices of research participants within this knowledge are prioritized.;;","[{'id': 0, 'label': 'cause', 'start_offset': 95, 'end_offset': 101}]",[],[]
169,"Subjects high in trusc perceived the robot, regardless of actual credibility, as more trustworthy, impotent, and evaluatively good than did subjects low in trust.;;","[{'id': 0, 'label': 'non-causal', 'start_offset': 0, 'end_offset': 162}]",[],[]
170,"To test whether the distribution of player types among female subjects differed between genotypes, we compared respective shares.;;","[{'id': 0, 'label': 'non-causal', 'start_offset': 0, 'end_offset': 129}]",[],[]
171,"as noted previously, this may reflect a change from the salience of rejection concerns to the salience of desire for support.;;","[{'id': 0, 'label': 'non-causal', 'start_offset': 0, 'end_offset': 125}]",[],[]
172,institutions can encourage new norms with regard to these funds by providing information on how the average citizen behaves.;;,"[{'id': 0, 'label': 'cause', 'start_offset': 0, 'end_offset': 12}, {'id': 1, 'label': 'effect', 'start_offset': 17, 'end_offset': 63}, {'id': 2, 'label': 'cause', 'start_offset': 67, 'end_offset': 123}]","[{'id': 0, 'from_id': 0, 'to_id': 1, 'type': 'Rel_CE'}, {'id': 1, 'from_id': 2, 'to_id': 1, 'type': 'Rel_CE'}]",[]
173,"On the contrary, in a more powerful position people appear to adopt more other-regarding (responsible) preferences.;;","[{'id': 0, 'label': 'cause', 'start_offset': 22, 'end_offset': 35}, {'id': 1, 'label': 'effect', 'start_offset': 62, 'end_offset': 114}]","[{'id': 0, 'from_id': 0, 'to_id': 1, 'type': 'Rel_CE'}]",[]
174,"so, while researchers had a study protocol that accounted for some anticipated issues, it was evident that positionality had implications, some unanticipated, during the actual process of not only conducting the study but also analyzing the data.;;","[{'id': 0, 'label': 'effect', 'start_offset': 107, 'end_offset': 120}, {'id': 1, 'label': 'cause', 'start_offset': 197, 'end_offset': 207}]","[{'id': 0, 'from_id': 1, 'to_id': 0, 'type': 'Rel_CE'}]",[]
175,johnson's article articulated a common sentiment across many papers: transcription is a tedious and time-consuming means to an end that can be outsourced without implicating the overall research product.;;,"[{'id': 0, 'label': 'cause', 'start_offset': 69, 'end_offset': 82}, {'id': 1, 'label': 'cause', 'start_offset': 105, 'end_offset': 120}, {'id': 2, 'label': 'effect', 'start_offset': 127, 'end_offset': 130}, {'id': 3, 'label': 'effect', 'start_offset': 140, 'end_offset': 153}, {'id': 4, 'label': 'effect', 'start_offset': 165, 'end_offset': 202}]","[{'id': 0, 'from_id': 0, 'to_id': 2, 'type': 'Rel_CE'}, {'id': 1, 'from_id': 0, 'to_id': 3, 'type': 'Rel_CE'}, {'id': 2, 'from_id': 0, 'to_id': 4, 'type': 'Rel_CE'}, {'id': 3, 'from_id': 1, 'to_id': 2, 'type': 'Rel_CE'}, {'id': 4, 'from_id': 1, 'to_id': 3, 'type': 'Rel_CE'}, {'id': 5, 'from_id': 1, 'to_id': 4, 'type': 'Rel_CE'}]",[]
176,"In this case, total contributions from first and second movers in the sequentialmove game with N > 2 players are hence;;","[{'id': 0, 'label': 'non-causal', 'start_offset': 0, 'end_offset': 118}]",[],[]
177,"we would not even entertain the idea that foi requests should be subject to proportional ethics review, the idea that 'the level of ethical review and scrutiny given to a research project ought to reflect the level of ethical risk represented by that project' (hunter, 2007: 241).;;","[{'id': 0, 'label': 'non-causal', 'start_offset': 0, 'end_offset': 280}]",[],[]
178,"moreover, this pattern of results was likely not due to ostracized participants experiencing processing deficits as a result of anxiety, because ostracism had no impact on self-reports of anxiety, nor did ostracism slow volitional saccade latencies, which is a consequence of decreasing executive processing capacity (e.g., roberts et al., 1994).;;","[{'id': 0, 'label': 'effect', 'start_offset': 10, 'end_offset': 37}, {'id': 1, 'label': 'cause', 'start_offset': 56, 'end_offset': 79}, {'id': 2, 'label': 'cause', 'start_offset': 80, 'end_offset': 115}, {'id': 3, 'label': 'effect', 'start_offset': 80, 'end_offset': 115}, {'id': 4, 'label': 'effect', 'start_offset': 128, 'end_offset': 135}, {'id': 5, 'label': 'cause', 'start_offset': 145, 'end_offset': 154}, {'id': 6, 'label': 'cause', 'start_offset': 159, 'end_offset': 195}, {'id': 7, 'label': 'effect', 'start_offset': 159, 'end_offset': 195}, {'id': 8, 'label': 'cause', 'start_offset': 205, 'end_offset': 214}, {'id': 9, 'label': 'cause', 'start_offset': 215, 'end_offset': 248}, {'id': 10, 'label': 'effect', 'start_offset': 215, 'end_offset': 248}, {'id': 11, 'label': 'cause', 'start_offset': 276, 'end_offset': 316}, {'id': 12, 'label': 'effect', 'start_offset': 276, 'end_offset': 316}]","[{'id': 0, 'from_id': 1, 'to_id': 0, 'type': 'Rel_CE'}, {'id': 1, 'from_id': 1, 'to_id': 3, 'type': 'Rel_CE'}, {'id': 2, 'from_id': 1, 'to_id': 10, 'type': 'Rel_CE'}, {'id': 3, 'from_id': 1, 'to_id': 12, 'type': 'Rel_CE'}, {'id': 4, 'from_id': 5, 'to_id': 0, 'type': 'Rel_CE'}, {'id': 5, 'from_id': 5, 'to_id': 3, 'type': 'Rel_CE'}, {'id': 6, 'from_id': 5, 'to_id': 10, 'type': 'Rel_CE'}, {'id': 7, 'from_id': 5, 'to_id': 12, 'type': 'Rel_CE'}, {'id': 8, 'from_id': 6, 'to_id': 0, 'type': 'Rel_CE'}, {'id': 9, 'from_id': 6, 'to_id': 3, 'type': 'Rel_CE'}, {'id': 10, 'from_id': 6, 'to_id': 10, 'type': 'Rel_CE'}, {'id': 11, 'from_id': 8, 'to_id': 0, 'type': 'Rel_CE'}, {'id': 12, 'from_id': 8, 'to_id': 3, 'type': 'Rel_CE'}, {'id': 13, 'from_id': 8, 'to_id': 10, 'type': 'Rel_CE'}, {'id': 14, 'from_id': 8, 'to_id': 12, 'type': 'Rel_CE'}]",[]
179,"for example, in a study conducted within a particular community or organization, particular relationships or shared experiences involving a number of participants may suggest that the accounts of these particular individuals will evoke similar concepts.;;","[{'id': 0, 'label': 'cause', 'start_offset': 81, 'end_offset': 162}, {'id': 1, 'label': 'effect', 'start_offset': 184, 'end_offset': 252}]","[{'id': 0, 'from_id': 0, 'to_id': 1, 'type': 'Rel_CE'}]",[]
180,dewall and colleagues suggest that these perceptions towards new people may be in the hopes of forming new social bonds.;;,"[{'id': 0, 'label': 'cause', 'start_offset': 41, 'end_offset': 71}, {'id': 1, 'label': 'effect', 'start_offset': 95, 'end_offset': 119}]","[{'id': 0, 'from_id': 0, 'to_id': 1, 'type': 'Rel_CE'}]",[]
181,"To remove experimenter effects, all sessions were run by the same person.;;","[{'id': 0, 'label': 'non-causal', 'start_offset': 0, 'end_offset': 73}]",[],[]
182,"""those who cooperate in repeated prisoner's dilemmas, by contrast, might be called """"softcore cooperators, """" in view of the direct link between their behavior and personal material advantage."";;","[{'id': 0, 'label': 'cause', 'start_offset': 44, 'end_offset': 52}, {'id': 1, 'label': 'effect', 'start_offset': 89, 'end_offset': 105}]","[{'id': 0, 'from_id': 0, 'to_id': 1, 'type': 'Rel_CE'}]",[]
183,"We therefore test whether, net of the effects captured in the benchmark specification (Eq.;;","[{'id': 0, 'label': 'non-causal', 'start_offset': 0, 'end_offset': 90}]",[],[]
184,no further analyses were performed for the deadlock because of the lack of behavioral variability.;;,"[{'id': 0, 'label': 'effect', 'start_offset': 11, 'end_offset': 19}, {'id': 1, 'label': 'effect', 'start_offset': 43, 'end_offset': 51}, {'id': 2, 'label': 'cause', 'start_offset': 67, 'end_offset': 97}]","[{'id': 0, 'from_id': 2, 'to_id': 0, 'type': 'Rel_CE'}, {'id': 1, 'from_id': 2, 'to_id': 1, 'type': 'Rel_CE'}]",[]
185,We anticipated that the effects of our manipulations on leadership preferences and votes would be mediated by the extent to which leadership was perceived as a threat to decisional freedom.;;,"[{'id': 0, 'label': 'effect', 'start_offset': 39, 'end_offset': 88}, {'id': 1, 'label': 'cause', 'start_offset': 121, 'end_offset': 188}]","[{'id': 0, 'from_id': 1, 'to_id': 0, 'type': 'Rel_CE'}]",[]
186,"furthermore, our results support the general finding that even brief and seemingly trivial episodes of ostracism involving strangers for whom no future interaction is anticipated-is sufficient to produce large negative reactions.;;","[{'id': 0, 'label': 'cause', 'start_offset': 58, 'end_offset': 178}, {'id': 1, 'label': 'effect', 'start_offset': 196, 'end_offset': 228}]","[{'id': 0, 'from_id': 0, 'to_id': 1, 'type': 'Rel_CE'}]",[]
187,In many of the discontinuity studies individuals and groups (or their representatives) were instructed to communicate with each other on each trial of a ten-trial PDG.;;,"[{'id': 0, 'label': 'non-causal', 'start_offset': 0, 'end_offset': 167}]",[],[]
188,"such collaborations perform best when researchers employ shared decisionmaking processes with communities of study, thereby promoting coleadership throughout the research process that facilitates both study progression and community agency (sprague et al., 2019).;;","[{'id': 0, 'label': 'effect', 'start_offset': 0, 'end_offset': 32}, {'id': 1, 'label': 'cause', 'start_offset': 38, 'end_offset': 114}, {'id': 2, 'label': 'effect', 'start_offset': 124, 'end_offset': 239}]","[{'id': 0, 'from_id': 1, 'to_id': 0, 'type': 'Rel_CE'}, {'id': 1, 'from_id': 1, 'to_id': 2, 'type': 'Rel_CE'}]",[]
189,"""if the coin comes up """"tails,"""" you lose the amount invested."";;","[{'id': 0, 'label': 'cause', 'start_offset': 13, 'end_offset': 29}, {'id': 1, 'label': 'effect', 'start_offset': 37, 'end_offset': 61}]","[{'id': 0, 'from_id': 0, 'to_id': 1, 'type': 'Rel_CE'}]",[]
190,"Highly anxious individuals also exhibited an increased trend in activation in the midcingulate cortex (MCC) (t(30)52.5,;;","[{'id': 0, 'label': 'cause', 'start_offset': 0, 'end_offset': 26}, {'id': 1, 'label': 'effect', 'start_offset': 61, 'end_offset': 77}, {'id': 2, 'label': 'effect', 'start_offset': 82, 'end_offset': 94}]","[{'id': 0, 'from_id': 0, 'to_id': 1, 'type': 'Rel_CE'}, {'id': 1, 'from_id': 0, 'to_id': 2, 'type': 'Rel_CE'}]",[]
191,"Once you have made an entry in each input box, click ''OK''.;;","[{'id': 0, 'label': 'non-causal', 'start_offset': 0, 'end_offset': 60}]",[],[]
192,"if the group composition changes randomly in every period so that no subject meets any other subject more than once, a subject can never reap a selfish benefit from punishing defectors.;;","[{'id': 0, 'label': 'cause', 'start_offset': 7, 'end_offset': 60}, {'id': 1, 'label': 'cause', 'start_offset': 66, 'end_offset': 115}, {'id': 2, 'label': 'effect', 'start_offset': 117, 'end_offset': 184}]","[{'id': 0, 'from_id': 0, 'to_id': 2, 'type': 'Rel_CE'}, {'id': 1, 'from_id': 1, 'to_id': 2, 'type': 'Rel_CE'}]",[]
193,"by seeing what works and what at times does not work as an outcome of exclusion, future research can continue to engage and explore the cognitive and behavioral changes associated with exclusion, and perhaps find new ways to combat the aversive effects.;;","[{'id': 0, 'label': 'cause', 'start_offset': 15, 'end_offset': 55}, {'id': 1, 'label': 'cause', 'start_offset': 59, 'end_offset': 79}, {'id': 2, 'label': 'effect', 'start_offset': 81, 'end_offset': 96}, {'id': 3, 'label': 'effect', 'start_offset': 101, 'end_offset': 194}, {'id': 4, 'label': 'effect', 'start_offset': 213, 'end_offset': 252}]","[{'id': 0, 'from_id': 0, 'to_id': 3, 'type': 'Rel_CE'}, {'id': 1, 'from_id': 0, 'to_id': 4, 'type': 'Rel_CE'}, {'id': 2, 'from_id': 1, 'to_id': 2, 'type': 'Rel_CE'}, {'id': 3, 'from_id': 1, 'to_id': 3, 'type': 'Rel_CE'}, {'id': 4, 'from_id': 1, 'to_id': 4, 'type': 'Rel_CE'}]",[]
194,"Figure 3 also illustrates the ""end-game effect,"" and indicates the dramatic reduction of contributions to the public good in the last sequence of all treatments.;;","[{'id': 0, 'label': 'non-causal', 'start_offset': 0, 'end_offset': 161}]",[],[]
195,"in our case, for example, we purposefully planned the project to overlap with the students' graduation, allowing for a collective understanding of the shifting power dynamics as the students moved position from student to alumni.;;","[{'id': 0, 'label': 'cause', 'start_offset': 42, 'end_offset': 102}, {'id': 1, 'label': 'effect', 'start_offset': 119, 'end_offset': 174}, {'id': 2, 'label': 'cause', 'start_offset': 197, 'end_offset': 210}, {'id': 3, 'label': 'cause', 'start_offset': 219, 'end_offset': 228}]","[{'id': 0, 'from_id': 0, 'to_id': 1, 'type': 'Rel_CE'}, {'id': 1, 'from_id': 2, 'to_id': 1, 'type': 'Rel_CE'}, {'id': 2, 'from_id': 3, 'to_id': 1, 'type': 'Rel_CE'}]",[]
196,"furthermore, if prison officers who routinely worked in prisoner-facing functions were to be interviewed without disrupting the normal regime, other staff within the prison needed to be told who was participating in the research so they could be replaced.;;","[{'id': 0, 'label': 'cause', 'start_offset': 16, 'end_offset': 141}, {'id': 1, 'label': 'effect', 'start_offset': 143, 'end_offset': 254}]","[{'id': 0, 'from_id': 0, 'to_id': 1, 'type': 'Rel_CE'}]",[]
197,"""individuals with high social anxiety were more likely to endorse a rating of """"neutral"""" regarding the importance of their move, whereas those with low social anxiety endorsed mixed responses of either """"disagree"""" or """"neutral."""""";;","[{'id': 0, 'label': 'effect', 'start_offset': 58, 'end_offset': 79}]",[],[]
198,Average Amount of Money Given to Game Partners (Yen);;,"[{'id': 0, 'label': 'non-causal', 'start_offset': 0, 'end_offset': 52}]",[],[]
199,Boyd and Richerson (1989) view this as a generalization of tit-for-tat to the case of indirect reciprocity.;;,"[{'id': 0, 'label': 'non-causal', 'start_offset': 0, 'end_offset': 107}]",[],[]
200,"it is also comforting to observe that (at least visually), the reaction functions of baseline, silent, and restricted are very similar, consistent with the idea that a commitment value is absent in those treatments.;;","[{'id': 0, 'label': 'non-causal', 'start_offset': 0, 'end_offset': 215}]",[],[]
201,capuchins also seem to exchange grooming for other commodities such as tolerance and food sharing (tiddi et al.;;,"[{'id': 0, 'label': 'non-causal', 'start_offset': 0, 'end_offset': 111}]",[],[]
202,"nor an interaction, F(1, 84) = .08,;;","[{'id': 0, 'label': 'non-causal', 'start_offset': 0, 'end_offset': 35}]",[],[]
203,"nevertheless, the consistent finding of no direct relation between lh strategy and cooperation may have broader implications for research on personality traits and cooperation.;;","[{'id': 0, 'label': 'cause', 'start_offset': 18, 'end_offset': 94}, {'id': 1, 'label': 'effect', 'start_offset': 104, 'end_offset': 175}]","[{'id': 0, 'from_id': 0, 'to_id': 1, 'type': 'Rel_CE'}]",[]
204,"In the present study then, the sequence of plays of two pigeons playing IPD against a simulated opponent pre-programmed to play TFT was examined.;;","[{'id': 0, 'label': 'non-causal', 'start_offset': 0, 'end_offset': 145}]",[],[]
205,"from video observations and audio data that we taped during most of the sessions, it appears instead that the variation in the results is closely related to how each group used faceto-face communication to induce changes in individual behavior and improve outcomes.;;","[{'id': 0, 'label': 'cause', 'start_offset': 172, 'end_offset': 202}, {'id': 1, 'label': 'effect', 'start_offset': 213, 'end_offset': 247}, {'id': 2, 'label': 'effect', 'start_offset': 248, 'end_offset': 264}]","[{'id': 0, 'from_id': 0, 'to_id': 1, 'type': 'Rel_CE'}, {'id': 1, 'from_id': 0, 'to_id': 2, 'type': 'Rel_CE'}]",[]
206,"a brief social connection with another person or reliving past social activities also reduced aggression after ostracism (twenge et al., 2007), and acceptance by others following ostracism decreased aggression (dewall et al., 2010).;;","[{'id': 0, 'label': 'cause', 'start_offset': 0, 'end_offset': 80}, {'id': 1, 'label': 'effect', 'start_offset': 86, 'end_offset': 120}, {'id': 2, 'label': 'cause', 'start_offset': 148, 'end_offset': 188}, {'id': 3, 'label': 'effect', 'start_offset': 189, 'end_offset': 209}]","[{'id': 0, 'from_id': 0, 'to_id': 1, 'type': 'Rel_CE'}, {'id': 1, 'from_id': 0, 'to_id': 3, 'type': 'Rel_CE'}, {'id': 2, 'from_id': 2, 'to_id': 3, 'type': 'Rel_CE'}]",[]
207,"They may act as sophisticated strategists who believe that everyone will behave fully rationally in every period, or they may act as if they are playing a game against nature.;;","[{'id': 0, 'label': 'non-causal', 'start_offset': 0, 'end_offset': 175}]",[],[]
208,"If prior joint outcome (with two categories (C,C) and the other three outcomes lumped together) is crossed with intra-group conflict, a Phi coefficient of .145;;","[{'id': 0, 'label': 'cause', 'start_offset': 3, 'end_offset': 22}, {'id': 1, 'label': 'cause', 'start_offset': 107, 'end_offset': 132}, {'id': 2, 'label': 'effect', 'start_offset': 140, 'end_offset': 151}]","[{'id': 0, 'from_id': 0, 'to_id': 2, 'type': 'Rel_CE'}, {'id': 1, 'from_id': 1, 'to_id': 2, 'type': 'Rel_CE'}]",[]
209,"Therefore, to test the capacity of our estimated logit model to explain out-of-sample behavior, we compare this prediction with the average sample appropriation under this new treatment.;;","[{'id': 0, 'label': 'non-causal', 'start_offset': 0, 'end_offset': 186}]",[],[]
210,"we feel that this finding needs further investigation in future research, because of its implications for the organization of bargaining processes aiming either at maximizing the likelihood of immediate cooperative agreements or at minimizing the average or the maximal time of the negotiations needed to solve a social dilemma.;;","[{'id': 0, 'label': 'effect', 'start_offset': 26, 'end_offset': 72}, {'id': 1, 'label': 'cause', 'start_offset': 110, 'end_offset': 153}, {'id': 2, 'label': 'effect', 'start_offset': 110, 'end_offset': 153}, {'id': 3, 'label': 'effect', 'start_offset': 164, 'end_offset': 225}, {'id': 4, 'label': 'cause', 'start_offset': 232, 'end_offset': 257}, {'id': 5, 'label': 'effect', 'start_offset': 232, 'end_offset': 257}, {'id': 6, 'label': 'cause', 'start_offset': 262, 'end_offset': 327}, {'id': 7, 'label': 'effect', 'start_offset': 262, 'end_offset': 327}]","[{'id': 0, 'from_id': 1, 'to_id': 0, 'type': 'Rel_CE'}, {'id': 1, 'from_id': 1, 'to_id': 3, 'type': 'Rel_CE'}, {'id': 2, 'from_id': 1, 'to_id': 7, 'type': 'Rel_CE'}]",[]
211,"In making decisions, participants appear to be able to understand the consequences of predicted outcomes (as indicated by the fairly constant rate of rationality errors), albeit sometimes not fully (as indicated by the game type II rationality errors).;;","[{'id': 0, 'label': 'non-causal', 'start_offset': 0, 'end_offset': 252}]",[],[]
212,both study 1 and study 2 showed that need satisfaction levels mediated mood and not vice versa when people were ostracized.;;,"[{'id': 0, 'label': 'effect', 'start_offset': 37, 'end_offset': 94}, {'id': 1, 'label': 'cause', 'start_offset': 100, 'end_offset': 122}]","[{'id': 0, 'from_id': 1, 'to_id': 0, 'type': 'Rel_CE'}]",[]
213,such a course of action may prevent overgrazing since after territorial iz ation the consequences of overgrazing will be born solely by the private land owner.;;,"[{'id': 0, 'label': 'cause', 'start_offset': 0, 'end_offset': 23}, {'id': 1, 'label': 'effect', 'start_offset': 28, 'end_offset': 47}, {'id': 2, 'label': 'cause', 'start_offset': 54, 'end_offset': 80}, {'id': 3, 'label': 'cause', 'start_offset': 85, 'end_offset': 158}]","[{'id': 0, 'from_id': 0, 'to_id': 1, 'type': 'Rel_CE'}, {'id': 1, 'from_id': 2, 'to_id': 1, 'type': 'Rel_CE'}, {'id': 2, 'from_id': 3, 'to_id': 1, 'type': 'Rel_CE'}]",[]
214,"for example, in the extreme case of γ = 0, help is denied where without memory it would be given otherwise, if the combination of tags and strategy is prompting the agents to do so.;;","[{'id': 0, 'label': 'effect', 'start_offset': 43, 'end_offset': 57}, {'id': 1, 'label': 'effect', 'start_offset': 64, 'end_offset': 106}, {'id': 2, 'label': 'cause', 'start_offset': 115, 'end_offset': 180}]","[{'id': 0, 'from_id': 2, 'to_id': 0, 'type': 'Rel_CE'}, {'id': 1, 'from_id': 2, 'to_id': 1, 'type': 'Rel_CE'}]",[]
215,"because the researcher's experiences might be analogous to others' experiences, revealing this information can be empowering to individuals that have difficulty articulating their own experiences.;;","[{'id': 0, 'label': 'cause', 'start_offset': 8, 'end_offset': 78}, {'id': 1, 'label': 'effect', 'start_offset': 80, 'end_offset': 195}]","[{'id': 0, 'from_id': 0, 'to_id': 1, 'type': 'Rel_CE'}]",[]
216,"For a type-k subject with Ž compliance j, the conditional probability of type k's decision is then 1 y c y . 1 rc and the conditional probability of each non-type k decision is rc.;;","[{'id': 0, 'label': 'non-causal', 'start_offset': 0, 'end_offset': 180}]",[],[]
217,"loss (Yacubian, Glascher, Schroeder, Sommer, Braus, & Buchel, 2006).;;","[{'id': 0, 'label': 'non-causal', 'start_offset': 0, 'end_offset': 68}]",[],[]
218,"They are about 1.3 million in number, almost all of them members of households economically dependent on their own land.;;","[{'id': 0, 'label': 'non-causal', 'start_offset': 0, 'end_offset': 120}]",[],[]
219,"All raw estimated IQ scores were in the normal range (M = 39.29,;;","[{'id': 0, 'label': 'non-causal', 'start_offset': 0, 'end_offset': 64}]",[],[]
220,subjects make costly decisions that yield signals to others that are specifically targeted in relation to current round decisions.;;,"[{'id': 0, 'label': 'non-causal', 'start_offset': 0, 'end_offset': 130}]",[],[]
221,"for example, in a meta-analysis of studies examining cortisol levels in response to acute stressors, dickerson and kemeny (2004) found that exposure to social eva lu at ive threat was associated with heightened levels of cortisol, which is released in response to hpa activation.;;","[{'id': 0, 'label': 'cause', 'start_offset': 140, 'end_offset': 179}, {'id': 1, 'label': 'effect', 'start_offset': 200, 'end_offset': 229}, {'id': 2, 'label': 'effect', 'start_offset': 237, 'end_offset': 251}, {'id': 3, 'label': 'effect', 'start_offset': 264, 'end_offset': 278}]","[{'id': 0, 'from_id': 0, 'to_id': 1, 'type': 'Rel_CE'}, {'id': 1, 'from_id': 0, 'to_id': 2, 'type': 'Rel_CE'}]",[]
222,"being explicit about our social identity and intentions by naming and being reflexive about them can begin to mitigate the power imbued in the researcher's position, so that knowledge can lean toward coconstruction in a reflective setting (blix, 2015).;;","[{'id': 0, 'label': 'cause', 'start_offset': 0, 'end_offset': 96}, {'id': 1, 'label': 'cause', 'start_offset': 110, 'end_offset': 164}, {'id': 2, 'label': 'effect', 'start_offset': 110, 'end_offset': 164}, {'id': 3, 'label': 'effect', 'start_offset': 174, 'end_offset': 238}]","[{'id': 0, 'from_id': 0, 'to_id': 2, 'type': 'Rel_CE'}, {'id': 1, 'from_id': 0, 'to_id': 3, 'type': 'Rel_CE'}]",[]
223,"this is consistent with the theoretical framework proposed by smart richman and leary (2009), indicating that when targets perceive ostracism as unfair, they are more likely to engage in antisocial behaviours.;;","[{'id': 0, 'label': 'cause', 'start_offset': 115, 'end_offset': 151}, {'id': 1, 'label': 'effect', 'start_offset': 158, 'end_offset': 208}]","[{'id': 0, 'from_id': 0, 'to_id': 1, 'type': 'Rel_CE'}]",[]
224,Ratings were again combined into a single scale (␣ ϭ 0.89).;;,"[{'id': 0, 'label': 'non-causal', 'start_offset': 0, 'end_offset': 59}]",[],[]
225,"""for this reason, interviewees may be more reluctant to discuss sensitive issues over skype (howlett, 2021; lo iacono et al., 2016)."";;","[{'id': 0, 'label': 'cause', 'start_offset': 18, 'end_offset': 30}, {'id': 1, 'label': 'effect', 'start_offset': 35, 'end_offset': 91}]","[{'id': 0, 'from_id': 0, 'to_id': 1, 'type': 'Rel_CE'}]",[]
226,"this motive would apply, for instance, if people try to imitate others in an effort to achieve better outcomes (e.g., huck et al.;;","[{'id': 0, 'label': 'cause', 'start_offset': 42, 'end_offset': 110}]",[],[]
227,"reinforcement learning influences future choices, but, in contrast to belief-based learning, no rationality must be assumed.;;","[{'id': 0, 'label': 'non-causal', 'start_offset': 0, 'end_offset': 124}]",[],[]
228,"in contrast, the group with largest investment after 14 we do not include the second proposals in the regression models because they were elicited during the game and therefore are likely to be endogenous.;;","[{'id': 0, 'label': 'effect', 'start_offset': 59, 'end_offset': 73}, {'id': 1, 'label': 'effect', 'start_offset': 85, 'end_offset': 94}, {'id': 2, 'label': 'cause', 'start_offset': 133, 'end_offset': 162}, {'id': 3, 'label': 'cause', 'start_offset': 194, 'end_offset': 204}]","[{'id': 0, 'from_id': 2, 'to_id': 0, 'type': 'Rel_CE'}, {'id': 1, 'from_id': 2, 'to_id': 1, 'type': 'Rel_CE'}, {'id': 2, 'from_id': 3, 'to_id': 0, 'type': 'Rel_CE'}, {'id': 3, 'from_id': 3, 'to_id': 1, 'type': 'Rel_CE'}]",[]
229,in study 2 we investigate how justifiability pressures influence actual harvesting behavior by manipulating accountability under varying levels of environmental uncertainty.;;,"[{'id': 0, 'label': 'cause', 'start_offset': 30, 'end_offset': 54}, {'id': 1, 'label': 'effect', 'start_offset': 55, 'end_offset': 91}, {'id': 2, 'label': 'cause', 'start_offset': 95, 'end_offset': 128}, {'id': 3, 'label': 'effect', 'start_offset': 95, 'end_offset': 128}, {'id': 4, 'label': 'cause', 'start_offset': 129, 'end_offset': 172}, {'id': 5, 'label': 'effect', 'start_offset': 129, 'end_offset': 172}]","[{'id': 0, 'from_id': 0, 'to_id': 1, 'type': 'Rel_CE'}, {'id': 1, 'from_id': 0, 'to_id': 3, 'type': 'Rel_CE'}, {'id': 2, 'from_id': 2, 'to_id': 1, 'type': 'Rel_CE'}, {'id': 3, 'from_id': 4, 'to_id': 1, 'type': 'Rel_CE'}, {'id': 4, 'from_id': 4, 'to_id': 3, 'type': 'Rel_CE'}]",[]
230,"Although we did not explicitly look at estimates in this study, it seems reasonable that a similar process operates for regeneration rate uncertainty; when regeneration rate is uncertain, harvesters may overestimate upcoming rates and, thus, leave fewer points in the pool to replenish.;;","[{'id': 0, 'label': 'effect', 'start_offset': 133, 'end_offset': 149}, {'id': 1, 'label': 'cause', 'start_offset': 156, 'end_offset': 186}, {'id': 2, 'label': 'cause', 'start_offset': 188, 'end_offset': 198}, {'id': 3, 'label': 'effect', 'start_offset': 188, 'end_offset': 198}, {'id': 4, 'label': 'effect', 'start_offset': 203, 'end_offset': 230}, {'id': 5, 'label': 'effect', 'start_offset': 242, 'end_offset': 285}]","[{'id': 0, 'from_id': 1, 'to_id': 0, 'type': 'Rel_CE'}, {'id': 1, 'from_id': 1, 'to_id': 4, 'type': 'Rel_CE'}, {'id': 2, 'from_id': 1, 'to_id': 5, 'type': 'Rel_CE'}, {'id': 3, 'from_id': 2, 'to_id': 0, 'type': 'Rel_CE'}, {'id': 4, 'from_id': 2, 'to_id': 4, 'type': 'Rel_CE'}, {'id': 5, 'from_id': 2, 'to_id': 5, 'type': 'Rel_CE'}]",[]
231,"thus, there is good reason to believe that tft provides an interaction style (or strategy) that individuals can use fruitfully in ongoing interactions to elicit and maintain mutual cooperation.;;","[{'id': 0, 'label': 'cause', 'start_offset': 43, 'end_offset': 46}, {'id': 1, 'label': 'cause', 'start_offset': 71, 'end_offset': 76}, {'id': 2, 'label': 'cause', 'start_offset': 116, 'end_offset': 137}, {'id': 3, 'label': 'effect', 'start_offset': 154, 'end_offset': 192}]","[{'id': 0, 'from_id': 0, 'to_id': 3, 'type': 'Rel_CE'}, {'id': 1, 'from_id': 1, 'to_id': 3, 'type': 'Rel_CE'}, {'id': 2, 'from_id': 2, 'to_id': 3, 'type': 'Rel_CE'}]",[]
232,"in the context of work teams for instance, members can possess unequal capacities to contribute to the group because of heterogeneity in abilities, skills, and expertise (e.g., campion et al., 1993), or because of status differences that preclude some from accessing certain organizational resources (e.g., aquino and reed, 1998).;;","[{'id': 0, 'label': 'effect', 'start_offset': 43, 'end_offset': 108}, {'id': 1, 'label': 'cause', 'start_offset': 120, 'end_offset': 169}, {'id': 2, 'label': 'cause', 'start_offset': 214, 'end_offset': 299}]","[{'id': 0, 'from_id': 1, 'to_id': 0, 'type': 'Rel_CE'}, {'id': 1, 'from_id': 2, 'to_id': 0, 'type': 'Rel_CE'}]",[]
233,"drawing on native speakers sharing the interviewee's linguistic background, therefore, had various advantages: first, for the interviewees, the interview was a very rare opportunity to talk to someone in their first language in prison.;;","[{'id': 0, 'label': 'cause', 'start_offset': 0, 'end_offset': 74}, {'id': 1, 'label': 'cause', 'start_offset': 140, 'end_offset': 153}, {'id': 2, 'label': 'effect', 'start_offset': 165, 'end_offset': 234}]","[{'id': 0, 'from_id': 0, 'to_id': 2, 'type': 'Rel_CE'}, {'id': 1, 'from_id': 1, 'to_id': 2, 'type': 'Rel_CE'}]",[]
234,we recognize that small-scale qualitative research on raced and gendered institutions will not necessarily achieve such disruptions.;;,"[{'id': 0, 'label': 'cause', 'start_offset': 18, 'end_offset': 85}, {'id': 1, 'label': 'effect', 'start_offset': 115, 'end_offset': 131}]","[{'id': 0, 'from_id': 0, 'to_id': 1, 'type': 'Rel_CE'}]",[]
235,"For example, consider hunters and hikers contributing to, respectively, the National Rifle Association (NRA) and the Sierra Club, two organizations with competing aims for the use of public lands.;;","[{'id': 0, 'label': 'non-causal', 'start_offset': 0, 'end_offset': 196}]",[],[]
236,"furthermore, when partially excluded, persons who were higher in approval csw felt their belongingness was threatened and they perceived more social threat, especially when they were low on global self-esteem.;;","[{'id': 0, 'label': 'cause', 'start_offset': 18, 'end_offset': 37}, {'id': 1, 'label': 'cause', 'start_offset': 38, 'end_offset': 45}, {'id': 2, 'label': 'effect', 'start_offset': 50, 'end_offset': 121}, {'id': 3, 'label': 'effect', 'start_offset': 122, 'end_offset': 156}, {'id': 4, 'label': 'cause', 'start_offset': 178, 'end_offset': 208}]","[{'id': 0, 'from_id': 4, 'to_id': 2, 'type': 'Rel_CE'}, {'id': 1, 'from_id': 4, 'to_id': 3, 'type': 'Rel_CE'}]",[]
237,"""and, """"the public is aware because water is always a conversation, but it seems like it's more of a conversation to be used as a scare tactic by antigrowth people than about people trying to make you just more aware of the resource"""" (az 31-expert present)."";;","[{'id': 0, 'label': 'effect', 'start_offset': 8, 'end_offset': 27}, {'id': 1, 'label': 'cause', 'start_offset': 36, 'end_offset': 66}, {'id': 2, 'label': 'effect', 'start_offset': 101, 'end_offset': 116}, {'id': 3, 'label': 'effect', 'start_offset': 117, 'end_offset': 124}, {'id': 4, 'label': 'effect', 'start_offset': 128, 'end_offset': 142}, {'id': 5, 'label': 'effect', 'start_offset': 146, 'end_offset': 163}, {'id': 6, 'label': 'effect', 'start_offset': 192, 'end_offset': 232}]","[{'id': 0, 'from_id': 1, 'to_id': 0, 'type': 'Rel_CE'}, {'id': 1, 'from_id': 1, 'to_id': 2, 'type': 'Rel_CE'}, {'id': 2, 'from_id': 1, 'to_id': 3, 'type': 'Rel_CE'}, {'id': 3, 'from_id': 1, 'to_id': 4, 'type': 'Rel_CE'}, {'id': 4, 'from_id': 1, 'to_id': 5, 'type': 'Rel_CE'}, {'id': 5, 'from_id': 1, 'to_id': 6, 'type': 'Rel_CE'}]",[]
238,"social preferences that drive behavior such as individualism, competitiveness and altruism; Van Kleef and De Dreu, 2002;Van Lange, 1999).;;","[{'id': 0, 'label': 'non-causal', 'start_offset': 0, 'end_offset': 137}]",[],[]
239,"(b) the weight assigned to outcomes for others, F(2, 1848) = 477.94,;;","[{'id': 0, 'label': 'non-causal', 'start_offset': 0, 'end_offset': 68}]",[],[]
240,"deviations below the nash equilibriums imply that individuals incorporate either collective interests into individual decisions, or a consideration of the future consequences of present actions.;;","[{'id': 0, 'label': 'non-causal', 'start_offset': 0, 'end_offset': 194}]",[],[]
241,"The results showed a significant effect of the three conditions on moral concerns, F(2, 111) = 3.12, p < .05.;;","[{'id': 0, 'label': 'non-causal', 'start_offset': 0, 'end_offset': 109}]",[],[]
242,"this democratizing strategy may be mutually beneficial where there are enduring relationships with the participant community, as is the case within tertiary teaching and learning settings.;;","[{'id': 0, 'label': 'effect', 'start_offset': 0, 'end_offset': 54}, {'id': 1, 'label': 'cause', 'start_offset': 61, 'end_offset': 124}]","[{'id': 0, 'from_id': 1, 'to_id': 0, 'type': 'Rel_CE'}]",[]
243,the way in which players perceive the nature of the situation - especially the stable and generalized differences in how they characterize the situation - plays a pivotal role in the processes underlying pro-social behavior.;;,"[{'id': 0, 'label': 'cause', 'start_offset': 4, 'end_offset': 63}, {'id': 1, 'label': 'cause', 'start_offset': 79, 'end_offset': 89}, {'id': 2, 'label': 'cause', 'start_offset': 90, 'end_offset': 152}, {'id': 3, 'label': 'effect', 'start_offset': 183, 'end_offset': 223}]","[{'id': 0, 'from_id': 0, 'to_id': 3, 'type': 'Rel_CE'}, {'id': 1, 'from_id': 1, 'to_id': 3, 'type': 'Rel_CE'}, {'id': 2, 'from_id': 2, 'to_id': 3, 'type': 'Rel_CE'}]",[]
244,"by incorporating various social science practices into our collective qualitative research endeavors, we can strengthen the quality, importance, and applicability of leisure-based qualitative social science research.;;","[{'id': 0, 'label': 'cause', 'start_offset': 3, 'end_offset': 100}, {'id': 1, 'label': 'effect', 'start_offset': 109, 'end_offset': 215}]","[{'id': 0, 'from_id': 0, 'to_id': 1, 'type': 'Rel_CE'}]",[]
245,"taking the unrestricted decentralized sanctioning mechanism (treatment up) as benchmark, appointing a single punisher randomly in each round (treatment sr) does not affect the level of cooperation, but, when the single punisher is selected among the top contributors of the group (treatment top), the level of cooperation increases significantly.;;","[{'id': 0, 'label': 'cause', 'start_offset': 89, 'end_offset': 154}, {'id': 1, 'label': 'effect', 'start_offset': 165, 'end_offset': 196}, {'id': 2, 'label': 'cause', 'start_offset': 212, 'end_offset': 281}, {'id': 3, 'label': 'effect', 'start_offset': 301, 'end_offset': 345}]","[{'id': 0, 'from_id': 0, 'to_id': 1, 'type': 'Rel_CE'}, {'id': 1, 'from_id': 0, 'to_id': 3, 'type': 'Rel_CE'}, {'id': 2, 'from_id': 2, 'to_id': 1, 'type': 'Rel_CE'}, {'id': 3, 'from_id': 2, 'to_id': 3, 'type': 'Rel_CE'}]",[]
246,Some programs combine two or more of these options.;;,"[{'id': 0, 'label': 'non-causal', 'start_offset': 0, 'end_offset': 51}]",[],[]
247,"the apparent failure of the withdrawal function to impair communications can be explained in that the subjects simply did not use the no-play option as an instrument for withdrawal, thus preventing a meaningful analysis of any potential withdrawal function.;;","[{'id': 0, 'label': 'effect', 'start_offset': 4, 'end_offset': 12}, {'id': 1, 'label': 'cause', 'start_offset': 13, 'end_offset': 47}, {'id': 2, 'label': 'effect', 'start_offset': 51, 'end_offset': 72}, {'id': 3, 'label': 'cause', 'start_offset': 102, 'end_offset': 180}, {'id': 4, 'label': 'effect', 'start_offset': 187, 'end_offset': 256}]","[{'id': 0, 'from_id': 1, 'to_id': 2, 'type': 'Rel_CE'}, {'id': 1, 'from_id': 1, 'to_id': 4, 'type': 'Rel_CE'}, {'id': 2, 'from_id': 3, 'to_id': 0, 'type': 'Rel_CE'}, {'id': 3, 'from_id': 3, 'to_id': 2, 'type': 'Rel_CE'}, {'id': 4, 'from_id': 3, 'to_id': 4, 'type': 'Rel_CE'}]",[]
248,"""work by williams and colleagues has shown that exclusion by one's in-group can also produce psychological distress and perceptions of discrimination (goodwin et al., 2010; k. d. williams & carter-sowell, 2009)."";;","[{'id': 0, 'label': 'cause', 'start_offset': 48, 'end_offset': 75}, {'id': 1, 'label': 'effect', 'start_offset': 85, 'end_offset': 149}]","[{'id': 0, 'from_id': 0, 'to_id': 1, 'type': 'Rel_CE'}]",[]
249,Significantly different from zero at the 1% significance level.;;,"[{'id': 0, 'label': 'non-causal', 'start_offset': 0, 'end_offset': 63}]",[],[]
250,We use a Tobit model as the contributions lie between zero and ten.;;,"[{'id': 0, 'label': 'non-causal', 'start_offset': 0, 'end_offset': 67}]",[],[]
251,"likely, thinking about negative emotions will prime and make negative thoughts more accessible in the present moment.;;","[{'id': 0, 'label': 'cause', 'start_offset': 8, 'end_offset': 40}, {'id': 1, 'label': 'effect', 'start_offset': 46, 'end_offset': 55}, {'id': 2, 'label': 'effect', 'start_offset': 56, 'end_offset': 116}]","[{'id': 0, 'from_id': 0, 'to_id': 1, 'type': 'Rel_CE'}, {'id': 1, 'from_id': 0, 'to_id': 2, 'type': 'Rel_CE'}]",[]
252,she also recognized that structurally disadvantaged communities supply the black and brown bodies that fill chicago's jail and illinois's prisons (lavigne et al.;;,"[{'id': 0, 'label': 'non-causal', 'start_offset': 0, 'end_offset': 161}]",[],[]
253,It follows of necessity that behavior given such instructions is in large part determined by the egoistic consequences for the subjects.;;,"[{'id': 0, 'label': 'non-causal', 'start_offset': 0, 'end_offset': 136}]",[],[]
254,"reflexivity lends itself well to utilization of intersectional approaches in qualitative health research as both approaches are rooted in the injunctive to challenge upward categories of oppression (pillow, 2003).;;","[{'id': 0, 'label': 'effect', 'start_offset': 0, 'end_offset': 11}, {'id': 1, 'label': 'effect', 'start_offset': 16, 'end_offset': 104}, {'id': 2, 'label': 'cause', 'start_offset': 108, 'end_offset': 197}]","[{'id': 0, 'from_id': 2, 'to_id': 1, 'type': 'Rel_CE'}]",[]
255,"data collection a primary goal of qualitative research aiming to enhance social work knowledge is collecting rich, vivid data of the subjects or phenomena under study.;;","[{'id': 0, 'label': 'effect', 'start_offset': 36, 'end_offset': 45}, {'id': 1, 'label': 'effect', 'start_offset': 65, 'end_offset': 94}, {'id': 2, 'label': 'cause', 'start_offset': 98, 'end_offset': 166}]","[{'id': 0, 'from_id': 2, 'to_id': 1, 'type': 'Rel_CE'}]",[]
256,we urge journal editors and publishers to offer higher word count space to researchers who conduct participant observa­ tion or mixed method research to support the reporting of details associated with each method.;;,"[{'id': 0, 'label': 'cause', 'start_offset': 55, 'end_offset': 71}, {'id': 1, 'label': 'cause', 'start_offset': 111, 'end_offset': 118}, {'id': 2, 'label': 'cause', 'start_offset': 141, 'end_offset': 149}]",[],[]
257,9: go with b first and see what the other team pick for the first round 14: if they choose A (cooperate)… that means they want to be nice… so round 2 we'll choose A to apologize.;;,"[{'id': 0, 'label': 'non-causal', 'start_offset': 0, 'end_offset': 178}]",[],[]
258,the subjects who were dependent on the other for future aid increased their level of help giving across the trials.;;,"[{'id': 0, 'label': 'cause', 'start_offset': 0, 'end_offset': 59}, {'id': 1, 'label': 'effect', 'start_offset': 60, 'end_offset': 114}]","[{'id': 0, 'from_id': 0, 'to_id': 1, 'type': 'Rel_CE'}]",[]
259,"This is one of the main insights of this research, because we are able to quantify the contribution of different subjects to a real world commons, and relate it to their behavior in an experimental situation.;;","[{'id': 0, 'label': 'cause', 'start_offset': 83, 'end_offset': 145}, {'id': 1, 'label': 'cause', 'start_offset': 170, 'end_offset': 207}]",[],[]
260,Computer You will not know the choice of the computer before you make your choice.;;,"[{'id': 0, 'label': 'non-causal', 'start_offset': 0, 'end_offset': 82}]",[],[]
261,we hypothesized that social exclusion of blacks by whites would be attributed to racial discrimination and associated with greater substance use vulnerability among those who do not affirm their ri.;;,"[{'id': 0, 'label': 'effect', 'start_offset': 21, 'end_offset': 57}, {'id': 1, 'label': 'cause', 'start_offset': 81, 'end_offset': 102}, {'id': 2, 'label': 'effect', 'start_offset': 123, 'end_offset': 158}, {'id': 3, 'label': 'cause', 'start_offset': 184, 'end_offset': 194}]","[{'id': 0, 'from_id': 1, 'to_id': 0, 'type': 'Rel_CE'}, {'id': 1, 'from_id': 1, 'to_id': 2, 'type': 'Rel_CE'}, {'id': 2, 'from_id': 3, 'to_id': 0, 'type': 'Rel_CE'}, {'id': 3, 'from_id': 3, 'to_id': 2, 'type': 'Rel_CE'}]",[]
262,an individual might decide to choose actions that she would most like the other person to choose so that both parties gain in the process.;;,"[{'id': 0, 'label': 'non-causal', 'start_offset': 0, 'end_offset': 138}]",[],[]
263,The participants were shown in random order to the punisher each round anew to rule out reputation effects from previous rounds.;;,"[{'id': 0, 'label': 'non-causal', 'start_offset': 0, 'end_offset': 128}]",[],[]
264,"automatic affiliative behaviors, however, are relatively low in effort, cost, and risk.;;","[{'id': 0, 'label': 'non-causal', 'start_offset': 0, 'end_offset': 87}]",[],[]
265,this reasoning is consistent with our results and actually predicts that advice might have a greater positive impact on cooperation than in-game communication.;;,"[{'id': 0, 'label': 'cause', 'start_offset': 73, 'end_offset': 79}, {'id': 1, 'label': 'effect', 'start_offset': 93, 'end_offset': 131}]","[{'id': 0, 'from_id': 0, 'to_id': 1, 'type': 'Rel_CE'}]",[]
266,"Moreover, we do not see these frameworks as true alternative conceptualizations, but rather as alternative descriptive languages.;;","[{'id': 0, 'label': 'non-causal', 'start_offset': 0, 'end_offset': 129}]",[],[]
267,Hypothesis 3 predicted that leadership referents would affect levels of communion in the group.;;,"[{'id': 0, 'label': 'cause', 'start_offset': 28, 'end_offset': 48}, {'id': 1, 'label': 'effect', 'start_offset': 62, 'end_offset': 94}]","[{'id': 0, 'from_id': 0, 'to_id': 1, 'type': 'Rel_CE'}]",[]
268,"this weak form of identity led to substantial 6 behavioral effects, where people favored their own group members in the distribution of real rewards, with own material payoffs unaffected by the distribution.;;","[{'id': 0, 'label': 'cause', 'start_offset': 0, 'end_offset': 26}, {'id': 1, 'label': 'effect', 'start_offset': 34, 'end_offset': 66}, {'id': 2, 'label': 'cause', 'start_offset': 74, 'end_offset': 112}, {'id': 3, 'label': 'cause', 'start_offset': 133, 'end_offset': 148}, {'id': 4, 'label': 'effect', 'start_offset': 155, 'end_offset': 206}]","[{'id': 0, 'from_id': 0, 'to_id': 1, 'type': 'Rel_CE'}, {'id': 1, 'from_id': 0, 'to_id': 4, 'type': 'Rel_CE'}, {'id': 2, 'from_id': 2, 'to_id': 1, 'type': 'Rel_CE'}, {'id': 3, 'from_id': 2, 'to_id': 4, 'type': 'Rel_CE'}, {'id': 4, 'from_id': 3, 'to_id': 1, 'type': 'Rel_CE'}]",[]
269,"they find that subjects show a slight preference for flexibility in ending the relationship but over-use the termination option, with too much sensitivity to short-term noisy outcomes.;;","[{'id': 0, 'label': 'effect', 'start_offset': 31, 'end_offset': 95}, {'id': 1, 'label': 'effect', 'start_offset': 96, 'end_offset': 127}, {'id': 2, 'label': 'effect', 'start_offset': 143, 'end_offset': 157}, {'id': 3, 'label': 'effect', 'start_offset': 158, 'end_offset': 183}]",[],[]
270,"As choices of R3 approach the 100% level in Table 1, B.? makes a Seven of these were players designated red and eight designated blue.;;","[{'id': 0, 'label': 'non-causal', 'start_offset': 0, 'end_offset': 134}]",[],[]
271,"the effect of constrained communication and limited information 623 communication, the content of the communication may also reveal which kind of information is more important to the participants.;;","[{'id': 0, 'label': 'cause', 'start_offset': 87, 'end_offset': 115}, {'id': 1, 'label': 'effect', 'start_offset': 125, 'end_offset': 195}]","[{'id': 0, 'from_id': 0, 'to_id': 1, 'type': 'Rel_CE'}]",[]
272,we synthesize previous literature to advance the idea that a strong theoretical framework can allow the researcher to reveal existing predispositions about a study and assist in data coding and interpretation.;;,"[{'id': 0, 'label': 'cause', 'start_offset': 59, 'end_offset': 89}, {'id': 1, 'label': 'cause', 'start_offset': 104, 'end_offset': 163}, {'id': 2, 'label': 'effect', 'start_offset': 104, 'end_offset': 163}, {'id': 3, 'label': 'effect', 'start_offset': 168, 'end_offset': 208}]","[{'id': 0, 'from_id': 0, 'to_id': 2, 'type': 'Rel_CE'}, {'id': 1, 'from_id': 0, 'to_id': 3, 'type': 'Rel_CE'}]",[]
273,The main research questions we want to answer with our experiment are as follows:;;,"[{'id': 0, 'label': 'non-causal', 'start_offset': 0, 'end_offset': 81}]",[],[]
274,"This article introduces a new game paradigm , the intergroup prisoner's dilemma-maximizing difference (IPD-MD) game, designed specifically to distinguish between these two motives.;;","[{'id': 0, 'label': 'non-causal', 'start_offset': 0, 'end_offset': 180}]",[],[]
275,"For instance, I found one of my items measuring participants' own fairness evaluation was highly unreliable (which was omitted from the scale used in the analyses).;;","[{'id': 0, 'label': 'non-causal', 'start_offset': 0, 'end_offset': 164}]",[],[]
276,"""their rights to private control of cash are well protected, and husbands are subject to severe punishment if they encroach upon the """"private bag"""" in which a woman keeps such items."";;","[{'id': 0, 'label': 'effect', 'start_offset': 14, 'end_offset': 40}, {'id': 1, 'label': 'effect', 'start_offset': 65, 'end_offset': 106}, {'id': 2, 'label': 'cause', 'start_offset': 110, 'end_offset': 182}]","[{'id': 0, 'from_id': 2, 'to_id': 0, 'type': 'Rel_CE'}, {'id': 1, 'from_id': 2, 'to_id': 1, 'type': 'Rel_CE'}]",[]
277,"arguably, lack of explicit or active role of physiotherapists during care transition among older adults with hip fracture could be the reason for this significant omission (kalu, maximos, sengiad, & dal bello-haas, 2019).;;","[{'id': 0, 'label': 'cause', 'start_offset': 10, 'end_offset': 121}, {'id': 1, 'label': 'effect', 'start_offset': 163, 'end_offset': 171}]","[{'id': 0, 'from_id': 0, 'to_id': 1, 'type': 'Rel_CE'}]",[]
278,will the consideration of different cultures affect the belief contingencies in the model when considering international alliances?;;,"[{'id': 0, 'label': 'non-causal', 'start_offset': 0, 'end_offset': 131}]",[],[]
279,"whereas prior research has focused on the impact of physical and social ostracism, we believe that perceptions of exclusion and ignoring can also occur in virtual reality.;;","[{'id': 0, 'label': 'non-causal', 'start_offset': 0, 'end_offset': 171}]",[],[]
280,"a given person can be identified as unrealistically optimistic if that person's perceived comparative risk is lower than that of a more objective criterion, such as comparative risk calculated from a risk algorithm.;;","[{'id': 0, 'label': 'effect', 'start_offset': 0, 'end_offset': 62}, {'id': 1, 'label': 'cause', 'start_offset': 66, 'end_offset': 155}]","[{'id': 0, 'from_id': 1, 'to_id': 0, 'type': 'Rel_CE'}]",[]
281,"in other words, the most likely explanation of the call for cooperative action in the intergroup dyads is that the request is a conscious use of deception.;;","[{'id': 0, 'label': 'non-causal', 'start_offset': 0, 'end_offset': 155}]",[],[]
282,"These patterns were found with the trust game (Experiment 2), the prisoner's dilemma (Experiment 4), the ultimatum game (Experiment 5), and the dictator game (Experiment 6).;;","[{'id': 0, 'label': 'non-causal', 'start_offset': 0, 'end_offset': 173}]",[],[]
283,"Cooperate-group participants experienced an average of 1.76, 5.88, 6.72, 6.96, and  7.24 (included)  free-choice trials in Blocks 6, 7, 8, 9, and 10, respectively.;;","[{'id': 0, 'label': 'non-causal', 'start_offset': 0, 'end_offset': 163}]",[],[]
284,"In the row for ''advantaged"" significant differences to ''equal"", in the row for ''equal"" significance differences to ''disadvantaged"", and in the row for ''disadvantaged"" significant differences to ''advantaged"" are depicted with others choose to have more income than the workers -but they seem to make this choice with a guilty conscience concerning their fairness standards.;;","[{'id': 0, 'label': 'non-causal', 'start_offset': 0, 'end_offset': 378}]",[],[]
285,"while most students have similar preferences for money, they might have different preferences regarding waiting time (hartman, 2007).;;","[{'id': 0, 'label': 'non-causal', 'start_offset': 0, 'end_offset': 133}]",[],[]
286,the sheer diversity of data types creates challenges for engaging in open science as few repositories have the capacity to store or share all possible forms of representations that constitute the datasets of qualitative researchers.;;,"[{'id': 0, 'label': 'cause', 'start_offset': 4, 'end_offset': 33}, {'id': 1, 'label': 'effect', 'start_offset': 42, 'end_offset': 81}, {'id': 2, 'label': 'cause', 'start_offset': 85, 'end_offset': 231}]","[{'id': 0, 'from_id': 0, 'to_id': 1, 'type': 'Rel_CE'}, {'id': 1, 'from_id': 2, 'to_id': 1, 'type': 'Rel_CE'}]",[]
287,"In the boxes below, please indicate the average number of cattle and calves you sell each year.;;","[{'id': 0, 'label': 'non-causal', 'start_offset': 0, 'end_offset': 95}]",[],[]
288,Behavior of subjects not choosing the dominant or Pareto-efficient contributions is well-organized by a model of warm-glow giving with a logit decision error.;;,"[{'id': 0, 'label': 'non-causal', 'start_offset': 0, 'end_offset': 158}]",[],[]
289,"The mean number of participants in CTP0 is 2.41, i.e. about 60% of group members consistently provide the sanctioning institution.;;","[{'id': 0, 'label': 'non-causal', 'start_offset': 0, 'end_offset': 130}]",[],[]
290,Our goal is to develop a greater understanding of individual and collective resource use behavior.;;,"[{'id': 0, 'label': 'non-causal', 'start_offset': 0, 'end_offset': 98}]",[],[]
291,"Further, the pairwise null hypothesis for the significance of the coefficients for the PA and PT treatments is not rejected using a Wald Test: PA = PT (p = 0.233).27;;","[{'id': 0, 'label': 'non-causal', 'start_offset': 0, 'end_offset': 165}]",[],[]
292,"when these cues are combined, the target of full ostracism will have a hard time attributing ostracism to external factors like ostracizers or the situation.;;","[{'id': 0, 'label': 'cause', 'start_offset': 5, 'end_offset': 28}, {'id': 1, 'label': 'effect', 'start_offset': 30, 'end_offset': 156}]","[{'id': 0, 'from_id': 0, 'to_id': 1, 'type': 'Rel_CE'}]",[]
293,"note that in both treatments four possible move orderings can occur: if both subjects make a contribution decision in the same period, then a simultaneous move ordering emerges, either in period 1 (sim-1), or in period 2 (sim-2).;;","[{'id': 0, 'label': 'non-causal', 'start_offset': 0, 'end_offset': 229}]",[],[]
294,"as discussed in the introduction, it is natural to think of there being three distinct ways that repetition can lead to more efficient outcomes.;;","[{'id': 0, 'label': 'cause', 'start_offset': 97, 'end_offset': 107}, {'id': 1, 'label': 'effect', 'start_offset': 120, 'end_offset': 143}]","[{'id': 0, 'from_id': 0, 'to_id': 1, 'type': 'Rel_CE'}]",[]
295,"intergroup (Study 2) conflicts, both games were designed to create unambiguous situations that allow for the attainment of certain values (i.e., value-relevant situations).;;","[{'id': 0, 'label': 'non-causal', 'start_offset': 0, 'end_offset': 172}]",[],[]
296,"""big data practices do not innocently find patterns of preexisting meanings within data; rather, they help produce them."";;","[{'id': 0, 'label': 'cause', 'start_offset': 1, 'end_offset': 19}, {'id': 1, 'label': 'effect', 'start_offset': 43, 'end_offset': 87}, {'id': 2, 'label': 'effect', 'start_offset': 107, 'end_offset': 119}]","[{'id': 0, 'from_id': 0, 'to_id': 1, 'type': 'Rel_CE'}, {'id': 1, 'from_id': 0, 'to_id': 2, 'type': 'Rel_CE'}]",[]
297,"Here, we provide such evidence by collecting thousands of game decisions from over 1,400 individuals.;;","[{'id': 0, 'label': 'non-causal', 'start_offset': 0, 'end_offset': 101}]",[],[]
298,"heaton (2004) suggests that a strength of secondary analysis of qualitative data is that it relieves the burden of participation from research participants and community partners who collaborate with researchers to identify, access, and recruit research participants.;;","[{'id': 0, 'label': 'cause', 'start_offset': 30, 'end_offset': 80}, {'id': 1, 'label': 'cause', 'start_offset': 92, 'end_offset': 266}, {'id': 2, 'label': 'effect', 'start_offset': 92, 'end_offset': 266}]","[{'id': 0, 'from_id': 0, 'to_id': 2, 'type': 'Rel_CE'}]",[]
299,"more importantly for the present investigation, ostracism by computers was just as unpleasant as ostracism by humans, and furthermore, it did not matter whether the human or computer players were perceived to have a choice as to whom they threw the ball.;;","[{'id': 0, 'label': 'non-causal', 'start_offset': 0, 'end_offset': 254}]",[],[]
300,We propose that these games will have psychological prominence in individuals' minds as they think about outcome interdependence.;;,"[{'id': 0, 'label': 'non-causal', 'start_offset': 0, 'end_offset': 129}]",[],[]
301,"the findings showed that consistency can still be achieved, and similar meanings and interpretations can be established despite different data collection methods.;;","[{'id': 0, 'label': 'effect', 'start_offset': 25, 'end_offset': 36}, {'id': 1, 'label': 'effect', 'start_offset': 64, 'end_offset': 119}, {'id': 2, 'label': 'cause', 'start_offset': 128, 'end_offset': 161}]","[{'id': 0, 'from_id': 2, 'to_id': 0, 'type': 'Rel_CE'}, {'id': 1, 'from_id': 2, 'to_id': 1, 'type': 'Rel_CE'}]",[]
302,"more specifically, ostracized young adolescents who were primed to think about their friends with a social connection activity were expected to self-regulate better, and thereby be less motivated to eat unhealthy snack food and eat less than ostracized young adolescents who engaged in alternative activities.;;","[{'id': 0, 'label': 'cause', 'start_offset': 19, 'end_offset': 126}, {'id': 1, 'label': 'effect', 'start_offset': 144, 'end_offset': 164}, {'id': 2, 'label': 'effect', 'start_offset': 181, 'end_offset': 236}, {'id': 3, 'label': 'effect', 'start_offset': 242, 'end_offset': 252}]","[{'id': 0, 'from_id': 0, 'to_id': 1, 'type': 'Rel_CE'}, {'id': 1, 'from_id': 0, 'to_id': 2, 'type': 'Rel_CE'}]",[]
303,ecomaps may provide an opportunity to understand patients' social support and contextual factors allowing better understanding of disease.;;,"[{'id': 0, 'label': 'cause', 'start_offset': 0, 'end_offset': 7}, {'id': 1, 'label': 'cause', 'start_offset': 23, 'end_offset': 77}, {'id': 2, 'label': 'effect', 'start_offset': 23, 'end_offset': 77}, {'id': 3, 'label': 'cause', 'start_offset': 78, 'end_offset': 96}, {'id': 4, 'label': 'effect', 'start_offset': 78, 'end_offset': 96}, {'id': 5, 'label': 'effect', 'start_offset': 106, 'end_offset': 137}]","[{'id': 0, 'from_id': 0, 'to_id': 2, 'type': 'Rel_CE'}, {'id': 1, 'from_id': 0, 'to_id': 4, 'type': 'Rel_CE'}, {'id': 2, 'from_id': 0, 'to_id': 5, 'type': 'Rel_CE'}, {'id': 3, 'from_id': 3, 'to_id': 5, 'type': 'Rel_CE'}]",[]
304,"thus, referring to antisocial media content to regulate rejectionbased anger and frustration seems an ineffective emotion regulation strategy.;;","[{'id': 0, 'label': 'cause', 'start_offset': 23, 'end_offset': 43}, {'id': 1, 'label': 'effect', 'start_offset': 65, 'end_offset': 76}, {'id': 2, 'label': 'effect', 'start_offset': 114, 'end_offset': 141}]","[{'id': 0, 'from_id': 0, 'to_id': 1, 'type': 'Rel_CE'}, {'id': 1, 'from_id': 0, 'to_id': 2, 'type': 'Rel_CE'}]",[]
305,"This significantly increased cooperative choices, compared to the first, completely neutral, PD.;;","[{'id': 0, 'label': 'non-causal', 'start_offset': 0, 'end_offset': 96}]",[],[]
306,"Under the S-protocol, players decide sequentially, i.e., player 1 chooses x 1 ; then, being informed of 3x 1 , player 2 chooses x 2 ; and so on until finally, being informed of 3x nÀ1 , player n chooses x n .;;","[{'id': 0, 'label': 'non-causal', 'start_offset': 0, 'end_offset': 208}]",[],[]
307,the consequence for evaluation is that it must involve negotiation among stakeholders so that the basis of their understandings and values is part of the process.;;,"[{'id': 0, 'label': 'cause', 'start_offset': 20, 'end_offset': 30}, {'id': 1, 'label': 'cause', 'start_offset': 39, 'end_offset': 85}, {'id': 2, 'label': 'effect', 'start_offset': 94, 'end_offset': 161}]","[{'id': 0, 'from_id': 0, 'to_id': 2, 'type': 'Rel_CE'}, {'id': 1, 'from_id': 1, 'to_id': 2, 'type': 'Rel_CE'}]",[]
308,"that is, people who are not actively experiencing social pain (i.e., cold state) should underestimate the severity of a socially painful event, whereas people who are experiencing social pain (i.e., hot state) should have a more accurate understanding of its severity.;;","[{'id': 0, 'label': 'effect', 'start_offset': 129, 'end_offset': 136}]",[],[]
309,it is important to have a professionally accredited translator or interpreter to reduce the risk of losing meaning during data transfer.;;,"[{'id': 0, 'label': 'cause', 'start_offset': 6, 'end_offset': 77}, {'id': 1, 'label': 'effect', 'start_offset': 92, 'end_offset': 135}]","[{'id': 0, 'from_id': 0, 'to_id': 1, 'type': 'Rel_CE'}]",[]
310,this appears to especially be the case when researchers claim to use phenomenology but fail to align themselves with a specific variant.;;,"[{'id': 0, 'label': 'cause', 'start_offset': 44, 'end_offset': 64}, {'id': 1, 'label': 'cause', 'start_offset': 71, 'end_offset': 82}, {'id': 2, 'label': 'cause', 'start_offset': 92, 'end_offset': 135}]",[],[]
311,"During development and validation research, the PANAS was found to display adequate internal consistency for both the positive affect (α = .89);;","[{'id': 0, 'label': 'non-causal', 'start_offset': 0, 'end_offset': 143}]",[],[]
312,"A total of 837 subjects, living in the US and recruited through Amazon Mechanical Turk [40][41][42][43] , passed the comprehension questions.;;","[{'id': 0, 'label': 'non-causal', 'start_offset': 0, 'end_offset': 141}]",[],[]
313,"thus, to avoid the exhibition of the confirmation bias, one needs self-regulation resources.;;","[{'id': 0, 'label': 'effect', 'start_offset': 9, 'end_offset': 54}, {'id': 1, 'label': 'cause', 'start_offset': 60, 'end_offset': 91}, {'id': 2, 'label': 'effect', 'start_offset': 60, 'end_offset': 91}]","[{'id': 0, 'from_id': 1, 'to_id': 0, 'type': 'Rel_CE'}]",[]
314,"while coding directly from audio and video files still allows for the ability to review the original words of the respondent, as is possible from transcripts, it eliminates the extra step of producing the transcript.;;","[{'id': 0, 'label': 'cause', 'start_offset': 6, 'end_offset': 48}, {'id': 1, 'label': 'effect', 'start_offset': 66, 'end_offset': 124}, {'id': 2, 'label': 'effect', 'start_offset': 173, 'end_offset': 215}]","[{'id': 0, 'from_id': 0, 'to_id': 1, 'type': 'Rel_CE'}, {'id': 1, 'from_id': 0, 'to_id': 2, 'type': 'Rel_CE'}]",[]
315,archivist 3 thought a positive effect of the open science movement could be that more research material is archived as a result of increased awareness.;;,"[{'id': 0, 'label': 'effect', 'start_offset': 45, 'end_offset': 66}, {'id': 1, 'label': 'effect', 'start_offset': 81, 'end_offset': 115}, {'id': 2, 'label': 'cause', 'start_offset': 131, 'end_offset': 150}]","[{'id': 0, 'from_id': 2, 'to_id': 0, 'type': 'Rel_CE'}, {'id': 1, 'from_id': 2, 'to_id': 1, 'type': 'Rel_CE'}]",[]
316,"""it is also possible that subjects in the forced-exit condition nevertheless glimpsed the """"shadow of the future,"""" since it was likely that a partner would be revisited at least once over 42 hands."";;","[{'id': 0, 'label': 'effect', 'start_offset': 42, 'end_offset': 113}, {'id': 1, 'label': 'cause', 'start_offset': 129, 'end_offset': 197}]","[{'id': 0, 'from_id': 1, 'to_id': 0, 'type': 'Rel_CE'}]",[]
317,"morgan and tindale found that when the individual decisions indicated unanimity among the 3 group members, the final group decision almost always corresponded to these individual decisions.;;","[{'id': 0, 'label': 'non-causal', 'start_offset': 0, 'end_offset': 189}]",[],[]
318,"p < ,001; and a Provision Point x Framing interaction, F(2, 158) = 4.70, p < .02.;;","[{'id': 0, 'label': 'non-causal', 'start_offset': 0, 'end_offset': 81}]",[],[]
319,"across these studies, priming was used as a means to increase accessibility.;;","[{'id': 0, 'label': 'cause', 'start_offset': 22, 'end_offset': 29}]",[],[]
320,"yet, if we as feminist researchers are unable to draw upon people's lived experiences given the inaccessibility of big social media data, we miss an opportunity to develop knowledge, particularly as it relates to the ways in which social media operates as a space for social justice activism.;;","[{'id': 0, 'label': 'cause', 'start_offset': 23, 'end_offset': 85}, {'id': 1, 'label': 'cause', 'start_offset': 92, 'end_offset': 136}, {'id': 2, 'label': 'effect', 'start_offset': 141, 'end_offset': 181}, {'id': 3, 'label': 'cause', 'start_offset': 231, 'end_offset': 243}, {'id': 4, 'label': 'cause', 'start_offset': 258, 'end_offset': 263}]","[{'id': 0, 'from_id': 0, 'to_id': 2, 'type': 'Rel_CE'}, {'id': 1, 'from_id': 1, 'to_id': 2, 'type': 'Rel_CE'}, {'id': 2, 'from_id': 3, 'to_id': 2, 'type': 'Rel_CE'}, {'id': 3, 'from_id': 4, 'to_id': 2, 'type': 'Rel_CE'}]",[]
321,"because in some sense, you can't push too hard because if they go back and rewrite the code or clean it up, then they might actually change it.;;","[{'id': 0, 'label': 'effect', 'start_offset': 23, 'end_offset': 31}, {'id': 1, 'label': 'effect', 'start_offset': 31, 'end_offset': 46}, {'id': 2, 'label': 'cause', 'start_offset': 58, 'end_offset': 106}, {'id': 3, 'label': 'effect', 'start_offset': 124, 'end_offset': 142}]","[{'id': 0, 'from_id': 2, 'to_id': 1, 'type': 'Rel_CE'}, {'id': 1, 'from_id': 2, 'to_id': 3, 'type': 'Rel_CE'}]",[]
322,"if differences in perceived fairness of a distribution depend on whether child care is identified as a market good or a public good, such differences may rest on attitudes toward market versus public solutions.;;","[{'id': 0, 'label': 'cause', 'start_offset': 3, 'end_offset': 131}, {'id': 1, 'label': 'effect', 'start_offset': 138, 'end_offset': 209}]","[{'id': 0, 'from_id': 0, 'to_id': 1, 'type': 'Rel_CE'}]",[]
323,Hypothesis 4 relates only to Study 2. Hypothesis 1.;;,"[{'id': 0, 'label': 'non-causal', 'start_offset': 0, 'end_offset': 51}]",[],[]
324,"""centers for disease control and the u.s. department of health and human services, """"hipaa privacy rule and public health guidance,"""" 4 11, 2003, https www cdc gov mm wr preview mm wr html m 2 e 411 a 1 htm meyer mn, """"practical tips for ethical data sharing,"""" advances in methods and practices in psychological science 1, no."";;","[{'id': 0, 'label': 'non-causal', 'start_offset': 0, 'end_offset': 328}]",[],[]
325,"in contrast, when group identification is weak or absent, people view themselves primarily as unique individuals.;;","[{'id': 0, 'label': 'cause', 'start_offset': 18, 'end_offset': 56}, {'id': 1, 'label': 'effect', 'start_offset': 58, 'end_offset': 112}]","[{'id': 0, 'from_id': 0, 'to_id': 1, 'type': 'Rel_CE'}]",[]
326,"""i make the related point that, whilst generalised norms can often be identified within a particular community or research site, they can only serve as a guide; as patterns of expectation, rather than a fixed set of rules."";;","[{'id': 0, 'label': 'non-causal', 'start_offset': 0, 'end_offset': 223}]",[],[]
327,"Throughout the experiment, participants saw one of the two logos displayed in Figure8.1;;","[{'id': 0, 'label': 'non-causal', 'start_offset': 0, 'end_offset': 87}]",[],[]
328,"a paranoid inference is hypothesised to limit a discrepancy between ideal and actual self representations by attributing responsibility for a negative event externally (to circumstances, or another person), rather than internally to oneself.;;","[{'id': 0, 'label': 'cause', 'start_offset': 2, 'end_offset': 10}, {'id': 1, 'label': 'effect', 'start_offset': 40, 'end_offset': 105}, {'id': 2, 'label': 'cause', 'start_offset': 109, 'end_offset': 167}]","[{'id': 0, 'from_id': 0, 'to_id': 1, 'type': 'Rel_CE'}, {'id': 1, 'from_id': 2, 'to_id': 1, 'type': 'Rel_CE'}]",[]
329,The analysis of the experimental data is divided into three parts.;;,"[{'id': 0, 'label': 'non-causal', 'start_offset': 0, 'end_offset': 66}]",[],[]
330,"This indicates that subjects tend to make the same decision from one encounter to the next, although this tendency is not as strong as with the decision to play.;;","[{'id': 0, 'label': 'non-causal', 'start_offset': 0, 'end_offset': 161}]",[],[]
331,"but rather, the value is in its content of disagreements as this can lead to deeper reflection of the coders that ultimately refines the coding frame of the study and ensures the trustworthiness of the study (nowell et al.;;","[{'id': 0, 'label': 'effect', 'start_offset': 16, 'end_offset': 56}, {'id': 1, 'label': 'cause', 'start_offset': 77, 'end_offset': 108}, {'id': 2, 'label': 'effect', 'start_offset': 77, 'end_offset': 108}, {'id': 3, 'label': 'cause', 'start_offset': 114, 'end_offset': 124}, {'id': 4, 'label': 'effect', 'start_offset': 114, 'end_offset': 124}, {'id': 5, 'label': 'effect', 'start_offset': 125, 'end_offset': 166}, {'id': 6, 'label': 'effect', 'start_offset': 167, 'end_offset': 207}]","[{'id': 0, 'from_id': 1, 'to_id': 0, 'type': 'Rel_CE'}, {'id': 1, 'from_id': 1, 'to_id': 5, 'type': 'Rel_CE'}, {'id': 2, 'from_id': 1, 'to_id': 6, 'type': 'Rel_CE'}]",[]
332,"For example, Komorita and Barth (hereafter referred to as KB) used a discrete-choice prisoner's dilemma game (PDG) within which the subject's decision was to either cooperate or not cooperate.;;","[{'id': 0, 'label': 'non-causal', 'start_offset': 0, 'end_offset': 192}]",[],[]
333,From these considerations we derive Hypothesis 2.;;,"[{'id': 0, 'label': 'non-causal', 'start_offset': 0, 'end_offset': 49}]",[],[]
334,"in addition (4) individual requests and expectations regarding others ' requests are inversely related to the exchange rates, reflecting attempts to equate payoffs across group members.;;","[{'id': 0, 'label': 'non-causal', 'start_offset': 0, 'end_offset': 185}]",[],[]
335,"Throughout the round, every player was once in the role of the potential donor and once in the role of the potential receiver.;;","[{'id': 0, 'label': 'non-causal', 'start_offset': 0, 'end_offset': 126}]",[],[]
336,we reasoned that self affirmation might be particularly effective at reducing defensive responses to threatening health messages among people who are unrealistically optimistic about a health risk.;;,"[{'id': 0, 'label': 'cause', 'start_offset': 17, 'end_offset': 33}, {'id': 1, 'label': 'effect', 'start_offset': 69, 'end_offset': 141}, {'id': 2, 'label': 'effect', 'start_offset': 150, 'end_offset': 196}]","[{'id': 0, 'from_id': 0, 'to_id': 1, 'type': 'Rel_CE'}, {'id': 1, 'from_id': 0, 'to_id': 2, 'type': 'Rel_CE'}]",[]
337,"In URE, contributions are consistent with a rule of equal contributions.;;","[{'id': 0, 'label': 'non-causal', 'start_offset': 0, 'end_offset': 72}]",[],[]
338,qualitative longitudinal studies refer to narratives rather than chronological change because participants do not tell stories in a neat linear way.;;,"[{'id': 0, 'label': 'effect', 'start_offset': 0, 'end_offset': 85}, {'id': 1, 'label': 'cause', 'start_offset': 94, 'end_offset': 147}]","[{'id': 0, 'from_id': 1, 'to_id': 0, 'type': 'Rel_CE'}]",[]
339,This would obviously affect our results.;;,"[{'id': 0, 'label': 'non-causal', 'start_offset': 0, 'end_offset': 40}]",[],[]
340,"""first, people value friendship and try to avoid jeopardizing their future relationships by punishing non-cooperation (flache, 1996; gould, 2003)."";;","[{'id': 0, 'label': 'effect', 'start_offset': 15, 'end_offset': 35}, {'id': 1, 'label': 'effect', 'start_offset': 36, 'end_offset': 88}, {'id': 2, 'label': 'cause', 'start_offset': 92, 'end_offset': 117}]","[{'id': 0, 'from_id': 2, 'to_id': 0, 'type': 'Rel_CE'}, {'id': 1, 'from_id': 2, 'to_id': 1, 'type': 'Rel_CE'}]",[]
341,"we can link this finding to research on peer rejection that stresses that both ostracism and bullying are possible antecedents of aggressive behavior (juvonen & gross, 2005).;;","[{'id': 0, 'label': 'cause', 'start_offset': 74, 'end_offset': 101}, {'id': 1, 'label': 'effect', 'start_offset': 130, 'end_offset': 149}]","[{'id': 0, 'from_id': 0, 'to_id': 1, 'type': 'Rel_CE'}]",[]
342,"SD=.013), F 1,14 =6.44, p=.02, η p 2 =.32, and negative (M=.113, S.D.=.123 vs. M=.013,;;","[{'id': 0, 'label': 'non-causal', 'start_offset': 0, 'end_offset': 86}]",[],[]
343,use of a lab setting gives a large amount of control over a study but has been accused of lacking realism (falk and heckman 2009).;;,"[{'id': 0, 'label': 'cause', 'start_offset': 0, 'end_offset': 20}, {'id': 1, 'label': 'effect', 'start_offset': 35, 'end_offset': 65}, {'id': 2, 'label': 'effect', 'start_offset': 90, 'end_offset': 105}]","[{'id': 0, 'from_id': 0, 'to_id': 1, 'type': 'Rel_CE'}, {'id': 1, 'from_id': 0, 'to_id': 2, 'type': 'Rel_CE'}]",[]
344,"""importantly, secure relationships with peers are associated with social and emotional competence (laible, 2007; laible, carlo, & raffaelli, 2000; nickerson, 2005)."";;","[{'id': 0, 'label': 'non-causal', 'start_offset': 0, 'end_offset': 165}]",[],[]
345,"The figures show that in both Harmony and Conflict specific trust is strongly related to contributions, but general trust (the ITS) is not.;;","[{'id': 0, 'label': 'non-causal', 'start_offset': 0, 'end_offset': 139}]",[],[]
346,"For participants in success outcome conditions, there was a significant increase in trust of the out-group from Time 1 (M ϭ 1.47) to Time 2 (M ϭ 1.92), F(1, 50) ϭ 9.16, p ϭ .004,;;","[{'id': 0, 'label': 'non-causal', 'start_offset': 0, 'end_offset': 178}]",[],[]
347,"although, the acute administration of reboxetine led to more cooperative social behaviour in a stranger-dyadic social interaction procedure, longer-term administration of antidepressants might have different effects on social behaviour.;;","[{'id': 0, 'label': 'cause', 'start_offset': 14, 'end_offset': 48}, {'id': 1, 'label': 'effect', 'start_offset': 56, 'end_offset': 89}, {'id': 2, 'label': 'cause', 'start_offset': 103, 'end_offset': 140}, {'id': 3, 'label': 'cause', 'start_offset': 141, 'end_offset': 186}, {'id': 4, 'label': 'effect', 'start_offset': 208, 'end_offset': 235}]","[{'id': 0, 'from_id': 0, 'to_id': 1, 'type': 'Rel_CE'}, {'id': 1, 'from_id': 0, 'to_id': 4, 'type': 'Rel_CE'}, {'id': 2, 'from_id': 2, 'to_id': 1, 'type': 'Rel_CE'}, {'id': 3, 'from_id': 2, 'to_id': 4, 'type': 'Rel_CE'}, {'id': 4, 'from_id': 3, 'to_id': 1, 'type': 'Rel_CE'}, {'id': 5, 'from_id': 3, 'to_id': 4, 'type': 'Rel_CE'}]",[]
348,that this threat interpretation was associated with lower rates of recovery of the primary needs suggests some support for the theory that high socially anxious people possess a biased cognitive style-one that maintains the deleterious evects of ostracism and thereby potentially prohibits active coping.;;,"[{'id': 0, 'label': 'cause', 'start_offset': 10, 'end_offset': 31}, {'id': 1, 'label': 'cause', 'start_offset': 52, 'end_offset': 57}, {'id': 2, 'label': 'effect', 'start_offset': 64, 'end_offset': 96}, {'id': 3, 'label': 'cause', 'start_offset': 139, 'end_offset': 167}, {'id': 4, 'label': 'effect', 'start_offset': 168, 'end_offset': 177}, {'id': 5, 'label': 'cause', 'start_offset': 178, 'end_offset': 200}, {'id': 6, 'label': 'effect', 'start_offset': 178, 'end_offset': 200}, {'id': 7, 'label': 'cause', 'start_offset': 210, 'end_offset': 255}, {'id': 8, 'label': 'effect', 'start_offset': 210, 'end_offset': 255}, {'id': 9, 'label': 'effect', 'start_offset': 280, 'end_offset': 303}]","[{'id': 0, 'from_id': 0, 'to_id': 2, 'type': 'Rel_CE'}, {'id': 1, 'from_id': 0, 'to_id': 4, 'type': 'Rel_CE'}, {'id': 2, 'from_id': 0, 'to_id': 6, 'type': 'Rel_CE'}, {'id': 3, 'from_id': 0, 'to_id': 8, 'type': 'Rel_CE'}, {'id': 4, 'from_id': 0, 'to_id': 9, 'type': 'Rel_CE'}, {'id': 5, 'from_id': 1, 'to_id': 6, 'type': 'Rel_CE'}, {'id': 6, 'from_id': 1, 'to_id': 8, 'type': 'Rel_CE'}, {'id': 7, 'from_id': 1, 'to_id': 9, 'type': 'Rel_CE'}, {'id': 8, 'from_id': 3, 'to_id': 6, 'type': 'Rel_CE'}, {'id': 9, 'from_id': 3, 'to_id': 8, 'type': 'Rel_CE'}, {'id': 10, 'from_id': 3, 'to_id': 9, 'type': 'Rel_CE'}, {'id': 11, 'from_id': 5, 'to_id': 2, 'type': 'Rel_CE'}, {'id': 12, 'from_id': 5, 'to_id': 8, 'type': 'Rel_CE'}, {'id': 13, 'from_id': 5, 'to_id': 9, 'type': 'Rel_CE'}]",[]
349,"Knowledge-unlike information-also contains what is sometimes referred to as tacit knowledge which means that factual information is enriched by individual ideas, expertise, and judgements, and applied in a certain context (Moser, Clases, & Wehner, 2000).;;","[{'id': 0, 'label': 'cause', 'start_offset': 109, 'end_offset': 128}, {'id': 1, 'label': 'cause', 'start_offset': 144, 'end_offset': 172}, {'id': 2, 'label': 'cause', 'start_offset': 173, 'end_offset': 187}]",[],[]
350,"when the target attributes ostracism externally, however, s/he is more likely to feel contempt for the ostracizers, seeing them as mean people who are trying to hurt her/him for no good reason.;;","[{'id': 0, 'label': 'cause', 'start_offset': 5, 'end_offset': 48}, {'id': 1, 'label': 'effect', 'start_offset': 58, 'end_offset': 114}, {'id': 2, 'label': 'cause', 'start_offset': 131, 'end_offset': 146}, {'id': 3, 'label': 'cause', 'start_offset': 151, 'end_offset': 192}]","[{'id': 0, 'from_id': 0, 'to_id': 1, 'type': 'Rel_CE'}, {'id': 1, 'from_id': 2, 'to_id': 1, 'type': 'Rel_CE'}, {'id': 2, 'from_id': 3, 'to_id': 1, 'type': 'Rel_CE'}]",[]
351,"therefore, the observed difference in cooperation could be driven by systematic differences between the participants rather than the manipulation.;;","[{'id': 0, 'label': 'effect', 'start_offset': 15, 'end_offset': 49}, {'id': 1, 'label': 'cause', 'start_offset': 69, 'end_offset': 145}]","[{'id': 0, 'from_id': 1, 'to_id': 0, 'type': 'Rel_CE'}]",[]
352,We are not aware of any study identifying clearly the motivations pushing companies to favour former athletes.;;,"[{'id': 0, 'label': 'non-causal', 'start_offset': 0, 'end_offset': 110}]",[],[]
353,Areas activated by human faces in the PDG game;;,"[{'id': 0, 'label': 'non-causal', 'start_offset': 0, 'end_offset': 46}]",[],[]
354,"as an effect, the illness (infection), which persisted for several months, reshaped his attitude toward health and hygiene: i have noticed that you can't just jump in [situations] without looking.;;","[{'id': 0, 'label': 'cause', 'start_offset': 18, 'end_offset': 37}, {'id': 1, 'label': 'effect', 'start_offset': 67, 'end_offset': 74}, {'id': 2, 'label': 'effect', 'start_offset': 75, 'end_offset': 122}, {'id': 3, 'label': 'effect', 'start_offset': 152, 'end_offset': 179}]","[{'id': 0, 'from_id': 0, 'to_id': 2, 'type': 'Rel_CE'}, {'id': 1, 'from_id': 0, 'to_id': 3, 'type': 'Rel_CE'}]",[]
355,"To prove part (a) we must show that if one of the players (say player 2) adopts the strategy U, then a best response of the other player is also to play u.;;","[{'id': 0, 'label': 'non-causal', 'start_offset': 0, 'end_offset': 155}]",[],[]
356,"for example, identified individuals will contribute more in group tasks (williams, harkins, & latane´ , 1981) and negotiate fairer outcomes (kramer, pommerenke, & newton, 1993) than individuals who cannot be identified.;;","[{'id': 0, 'label': 'cause', 'start_offset': 13, 'end_offset': 23}, {'id': 1, 'label': 'effect', 'start_offset': 41, 'end_offset': 71}, {'id': 2, 'label': 'effect', 'start_offset': 114, 'end_offset': 139}]","[{'id': 0, 'from_id': 0, 'to_id': 1, 'type': 'Rel_CE'}, {'id': 1, 'from_id': 0, 'to_id': 2, 'type': 'Rel_CE'}]",[]
357,"another strategy might be to build a reputation for cooperation and then defect just before the partner does (andreoni & miller, 1993).;;","[{'id': 0, 'label': 'non-causal', 'start_offset': 0, 'end_offset': 135}]",[],[]
358,"veroff distinguished autonomous from social achievement, noting that the first implies establishing and evaluating goals in terms of some internalized personal standard and that the second implies social comparison and establishment of a relative standard of performance.;;","[{'id': 0, 'label': 'non-causal', 'start_offset': 0, 'end_offset': 271}]",[],[]
359,"in addition, when research revealed significant differences in mood (e.g., buckley, winkel, & leary, 2004), social exclusion did not mediate the effects of exclusion on behavioral outcomes.;;","[{'id': 0, 'label': 'cause', 'start_offset': 108, 'end_offset': 114}, {'id': 1, 'label': 'effect', 'start_offset': 156, 'end_offset': 188}]","[{'id': 0, 'from_id': 0, 'to_id': 1, 'type': 'Rel_CE'}]",[]
360,"it may be the case that smaller groups-who donated more to the siida's pgg-have more opportunities to build trust through processes such as repeated reciprocal interactions, monitoring of behaviour, or interests that are more easily aligned.;;","[{'id': 0, 'label': 'cause', 'start_offset': 24, 'end_offset': 39}, {'id': 1, 'label': 'cause', 'start_offset': 43, 'end_offset': 74}, {'id': 2, 'label': 'effect', 'start_offset': 80, 'end_offset': 113}, {'id': 3, 'label': 'cause', 'start_offset': 140, 'end_offset': 173}, {'id': 4, 'label': 'cause', 'start_offset': 174, 'end_offset': 197}, {'id': 5, 'label': 'cause', 'start_offset': 202, 'end_offset': 240}]","[{'id': 0, 'from_id': 0, 'to_id': 2, 'type': 'Rel_CE'}, {'id': 1, 'from_id': 1, 'to_id': 2, 'type': 'Rel_CE'}, {'id': 2, 'from_id': 3, 'to_id': 2, 'type': 'Rel_CE'}, {'id': 3, 'from_id': 4, 'to_id': 2, 'type': 'Rel_CE'}]",[]
361,"""the personal distress caused by observing ostracism was more than simply feeling bad for the suffering person (cialdini et al., 1987); the ostracism detection system triggered an ''automatic"""" empathic response in the observer."";;","[{'id': 0, 'label': 'effect', 'start_offset': 5, 'end_offset': 29}, {'id': 1, 'label': 'cause', 'start_offset': 33, 'end_offset': 52}, {'id': 2, 'label': 'cause', 'start_offset': 74, 'end_offset': 110}, {'id': 3, 'label': 'effect', 'start_offset': 74, 'end_offset': 110}, {'id': 4, 'label': 'cause', 'start_offset': 140, 'end_offset': 166}, {'id': 5, 'label': 'effect', 'start_offset': 167, 'end_offset': 227}]","[{'id': 0, 'from_id': 1, 'to_id': 0, 'type': 'Rel_CE'}, {'id': 1, 'from_id': 1, 'to_id': 3, 'type': 'Rel_CE'}, {'id': 2, 'from_id': 1, 'to_id': 5, 'type': 'Rel_CE'}, {'id': 3, 'from_id': 2, 'to_id': 0, 'type': 'Rel_CE'}, {'id': 4, 'from_id': 2, 'to_id': 5, 'type': 'Rel_CE'}, {'id': 5, 'from_id': 4, 'to_id': 0, 'type': 'Rel_CE'}, {'id': 6, 'from_id': 4, 'to_id': 3, 'type': 'Rel_CE'}, {'id': 7, 'from_id': 4, 'to_id': 5, 'type': 'Rel_CE'}]",[]
362,"Indeed, several studies have demonstrated that in anonymous conditions, individuals may tend to behave differently in group decision-making settings (e.g.;;","[{'id': 0, 'label': 'cause', 'start_offset': 50, 'end_offset': 70}, {'id': 1, 'label': 'effect', 'start_offset': 72, 'end_offset': 148}]","[{'id': 0, 'from_id': 0, 'to_id': 1, 'type': 'Rel_CE'}]",[]
363,"similarly, research supervisors of postgraduate (especially doc­ toral) students could likewise challenge the use of verbatim quotes as research titles via discussion debate within supervisory sessions tutorials (especially with those who may be tempted to use such devices).;;","[{'id': 0, 'label': 'effect', 'start_offset': 110, 'end_offset': 151}, {'id': 1, 'label': 'cause', 'start_offset': 167, 'end_offset': 173}, {'id': 2, 'label': 'cause', 'start_offset': 193, 'end_offset': 201}]","[{'id': 0, 'from_id': 1, 'to_id': 0, 'type': 'Rel_CE'}, {'id': 1, 'from_id': 2, 'to_id': 0, 'type': 'Rel_CE'}]",[]
364,"""if dictators cannot hide behind anonymity, they feel urged to give something; they do not feel obliged to give more."";;","[{'id': 0, 'label': 'cause', 'start_offset': 4, 'end_offset': 42}, {'id': 1, 'label': 'effect', 'start_offset': 49, 'end_offset': 77}, {'id': 2, 'label': 'effect', 'start_offset': 84, 'end_offset': 116}]","[{'id': 0, 'from_id': 0, 'to_id': 1, 'type': 'Rel_CE'}, {'id': 1, 'from_id': 0, 'to_id': 2, 'type': 'Rel_CE'}]",[]
365,"The follower does not seem to realize that he should not trust vague messages; he neglects them, or interprets them literally, and contributes.;;","[{'id': 0, 'label': 'non-causal', 'start_offset': 0, 'end_offset': 143}]",[],[]
366,The discontinuity effect in the DPD game was reversed in the SPD game.;;,"[{'id': 0, 'label': 'non-causal', 'start_offset': 0, 'end_offset': 70}]",[],[]
367,"as such, our findings cannot finally clarify who does contribute to intergroup conflict although they do clarify that prosocial individuals are not the evildoers.;;","[{'id': 0, 'label': 'non-causal', 'start_offset': 0, 'end_offset': 162}]",[],[]
368,Significance levels are indicated as follows.;;,"[{'id': 0, 'label': 'non-causal', 'start_offset': 0, 'end_offset': 45}]",[],[]
369,"""participatory data collection requires par­ ticipants, and (financial) firms in general are notoriously difficult to recruit for research projects (tischer et al., 2020; roden et al., 2020)."";;","[{'id': 0, 'label': 'cause', 'start_offset': 1, 'end_offset': 30}, {'id': 1, 'label': 'cause', 'start_offset': 40, 'end_offset': 54}, {'id': 2, 'label': 'effect', 'start_offset': 61, 'end_offset': 77}, {'id': 3, 'label': 'effect', 'start_offset': 93, 'end_offset': 147}]","[{'id': 0, 'from_id': 0, 'to_id': 2, 'type': 'Rel_CE'}, {'id': 1, 'from_id': 0, 'to_id': 3, 'type': 'Rel_CE'}, {'id': 2, 'from_id': 1, 'to_id': 2, 'type': 'Rel_CE'}, {'id': 3, 'from_id': 1, 'to_id': 3, 'type': 'Rel_CE'}]",[]
370,i also explore how awareness of these emotions may augment the researcher's professional development.;;,"[{'id': 0, 'label': 'cause', 'start_offset': 19, 'end_offset': 46}, {'id': 1, 'label': 'effect', 'start_offset': 51, 'end_offset': 100}]","[{'id': 0, 'from_id': 0, 'to_id': 1, 'type': 'Rel_CE'}]",[]
371,"when the brokers reduced their role in the research, the recruitment was already complete, but we did not have the budget to afford professional interpreters.;;","[{'id': 0, 'label': 'cause', 'start_offset': 5, 'end_offset': 51}, {'id': 1, 'label': 'effect', 'start_offset': 57, 'end_offset': 89}, {'id': 2, 'label': 'effect', 'start_offset': 106, 'end_offset': 124}, {'id': 3, 'label': 'effect', 'start_offset': 125, 'end_offset': 157}]","[{'id': 0, 'from_id': 0, 'to_id': 1, 'type': 'Rel_CE'}, {'id': 1, 'from_id': 0, 'to_id': 3, 'type': 'Rel_CE'}]",[]
372,The evidence on strong positive and negative reciprocity reviewed in §3 has contributed to the development of ultimate (e.g.;;,"[{'id': 0, 'label': 'cause', 'start_offset': 16, 'end_offset': 65}, {'id': 1, 'label': 'effect', 'start_offset': 95, 'end_offset': 118}]","[{'id': 0, 'from_id': 0, 'to_id': 1, 'type': 'Rel_CE'}]",[]
373,"However, in a second experiment which varied the context of the game, they learned to cooperate only against one or other strategy; participants did not learn to cooperate against tit-for-tat when they believed that they were playing against another person; participants did not learn to cooperate against Pavlov when the computer's cooperation probability was signaled by a spinner.;;","[{'id': 0, 'label': 'non-causal', 'start_offset': 0, 'end_offset': 383}]",[],[]
374,"In this game, the payoff of each player i was:;;","[{'id': 0, 'label': 'non-causal', 'start_offset': 0, 'end_offset': 46}]",[],[]
375,"notably, this behaviour only occurred in condition when other group members were present, presumably because there is a greater chance of re-inclusion if existing members observe ingroup biased behaviour (noel, et al.;;","[{'id': 0, 'label': 'effect', 'start_offset': 9, 'end_offset': 50}, {'id': 1, 'label': 'cause', 'start_offset': 56, 'end_offset': 88}, {'id': 2, 'label': 'effect', 'start_offset': 109, 'end_offset': 150}, {'id': 3, 'label': 'cause', 'start_offset': 154, 'end_offset': 203}]","[{'id': 0, 'from_id': 1, 'to_id': 0, 'type': 'Rel_CE'}, {'id': 1, 'from_id': 1, 'to_id': 2, 'type': 'Rel_CE'}, {'id': 2, 'from_id': 3, 'to_id': 0, 'type': 'Rel_CE'}, {'id': 3, 'from_id': 3, 'to_id': 2, 'type': 'Rel_CE'}]",[]
376,the positive effect of expectation of cooperation on cooperation was stronger for more risky games than for less risky games.;;,"[{'id': 0, 'label': 'effect', 'start_offset': 4, 'end_offset': 12}, {'id': 1, 'label': 'effect', 'start_offset': 23, 'end_offset': 37}, {'id': 2, 'label': 'effect', 'start_offset': 38, 'end_offset': 64}]",[],[]
377,"because of the tremendous practical relevance, it is important to identify the factors that can explain and improve cooperative behavior in social dilemmas.;;","[{'id': 0, 'label': 'cause', 'start_offset': 15, 'end_offset': 45}, {'id': 1, 'label': 'effect', 'start_offset': 53, 'end_offset': 86}, {'id': 2, 'label': 'effect', 'start_offset': 92, 'end_offset': 155}]","[{'id': 0, 'from_id': 0, 'to_id': 1, 'type': 'Rel_CE'}, {'id': 1, 'from_id': 0, 'to_id': 2, 'type': 'Rel_CE'}]",[]
378,"thus, placing a token in the shared account is akin to contributing to a public good.;;","[{'id': 0, 'label': 'non-causal', 'start_offset': 0, 'end_offset': 85}]",[],[]
379,"although conscious of college is technically open to all students that meet the program's participation criterion of serving low-income and/or first generation students, participants almost exclusively come from racially minoritized backgrounds (primarily identifying as black and/or latinx).;;","[{'id': 0, 'label': 'non-causal', 'start_offset': 0, 'end_offset': 292}]",[],[]
380,"as there are different types and kinds of entrepreneurs, adopting re to study a specific group may require some modifications to be made to the technique without changing the underlying fundamental principles of ethnography.;;","[{'id': 0, 'label': 'cause', 'start_offset': 29, 'end_offset': 56}, {'id': 1, 'label': 'cause', 'start_offset': 57, 'end_offset': 94}, {'id': 2, 'label': 'effect', 'start_offset': 99, 'end_offset': 153}, {'id': 3, 'label': 'cause', 'start_offset': 162, 'end_offset': 208}, {'id': 4, 'label': 'effect', 'start_offset': 162, 'end_offset': 208}, {'id': 5, 'label': 'effect', 'start_offset': 212, 'end_offset': 223}]","[{'id': 0, 'from_id': 0, 'to_id': 2, 'type': 'Rel_CE'}, {'id': 1, 'from_id': 1, 'to_id': 2, 'type': 'Rel_CE'}, {'id': 2, 'from_id': 1, 'to_id': 4, 'type': 'Rel_CE'}, {'id': 3, 'from_id': 1, 'to_id': 5, 'type': 'Rel_CE'}]",[]
381,"by using participant driven photographs, the researcher gains an understanding of what the content of the photos means to the participants without imposing their own framework or perception of a topic on the process.;;","[{'id': 0, 'label': 'cause', 'start_offset': 3, 'end_offset': 39}, {'id': 1, 'label': 'effect', 'start_offset': 45, 'end_offset': 138}, {'id': 2, 'label': 'cause', 'start_offset': 147, 'end_offset': 215}, {'id': 3, 'label': 'effect', 'start_offset': 147, 'end_offset': 215}]","[{'id': 0, 'from_id': 0, 'to_id': 1, 'type': 'Rel_CE'}, {'id': 1, 'from_id': 0, 'to_id': 3, 'type': 'Rel_CE'}, {'id': 2, 'from_id': 2, 'to_id': 1, 'type': 'Rel_CE'}]",[]
382,"coherence scores measure the degree of semantic similarity between high scoring words in each topic, so we used coherence as a measure to arrange the words within the topics without obtaining the scores.;;","[{'id': 0, 'label': 'non-causal', 'start_offset': 0, 'end_offset': 203}]",[],[]
383,"it may be that people initially have a defensive response to threatening comparative feedback, yet become more receptive to its implications over time.;;","[{'id': 0, 'label': 'effect', 'start_offset': 39, 'end_offset': 57}, {'id': 1, 'label': 'cause', 'start_offset': 61, 'end_offset': 93}, {'id': 2, 'label': 'effect', 'start_offset': 111, 'end_offset': 140}]","[{'id': 0, 'from_id': 1, 'to_id': 0, 'type': 'Rel_CE'}, {'id': 1, 'from_id': 1, 'to_id': 2, 'type': 'Rel_CE'}]",[]
384,"""moreover, given that self-regulation and cognitive resources suffer after exclusion (baumeister, dewall, ciarocco, & twenge, 2005; baumeister, twenge, & nuss, 2002), automatic affiliative behaviors would be especially functional because they require few, if any, conscious resources."";;","[{'id': 0, 'label': 'cause', 'start_offset': 22, 'end_offset': 84}, {'id': 1, 'label': 'effect', 'start_offset': 167, 'end_offset': 229}, {'id': 2, 'label': 'cause', 'start_offset': 243, 'end_offset': 283}]","[{'id': 0, 'from_id': 0, 'to_id': 1, 'type': 'Rel_CE'}, {'id': 1, 'from_id': 2, 'to_id': 1, 'type': 'Rel_CE'}]",[]
385,"in order to achieve this position of bewilderment, researchers following a hermeneutical approach have to rely on protocols, for example transcripts of interviews or documents found in the field.;;","[{'id': 0, 'label': 'effect', 'start_offset': 12, 'end_offset': 49}, {'id': 1, 'label': 'cause', 'start_offset': 51, 'end_offset': 123}, {'id': 2, 'label': 'cause', 'start_offset': 137, 'end_offset': 151}]","[{'id': 0, 'from_id': 1, 'to_id': 0, 'type': 'Rel_CE'}, {'id': 1, 'from_id': 2, 'to_id': 0, 'type': 'Rel_CE'}]",[]
386,"To enhance the effect of this manipulation, participants were presented with two tasks: a priming task and a number recall task.;;","[{'id': 0, 'label': 'non-causal', 'start_offset': 0, 'end_offset': 128}]",[],[]
387,"This particular game has also been termed a mutual fate control game, and has been previously investigated by Sidowski, by Kelley, Thibaut, Radloff, and Mundy (1962)) and by Rabinowitz, Kelley, and Rosenblatt (1966).;;","[{'id': 0, 'label': 'non-causal', 'start_offset': 0, 'end_offset': 216}]",[],[]
388,"""brockman, j. l., nunez, a. a. and basu, a., (2010), """"effectiveness of a conflict resolution training program in changing graduate students style of managing conflict with their faculty advisors"""", innovative higher education, vol."";;","[{'id': 0, 'label': 'non-causal', 'start_offset': 0, 'end_offset': 233}]",[],[]
389,deprivation of social contact is stressful to both humans and animals.;;,"[{'id': 0, 'label': 'cause', 'start_offset': 0, 'end_offset': 29}, {'id': 1, 'label': 'effect', 'start_offset': 51, 'end_offset': 61}, {'id': 2, 'label': 'effect', 'start_offset': 62, 'end_offset': 69}]","[{'id': 0, 'from_id': 0, 'to_id': 1, 'type': 'Rel_CE'}, {'id': 1, 'from_id': 0, 'to_id': 2, 'type': 'Rel_CE'}]",[]
390,"Thus, the PES is stable over time.;;","[{'id': 0, 'label': 'non-causal', 'start_offset': 0, 'end_offset': 34}]",[],[]
391,This corresponds to the Partner Control that Jan has over Marcia's outcomes (PCM).;;,"[{'id': 0, 'label': 'non-causal', 'start_offset': 0, 'end_offset': 82}]",[],[]
392,"""in contrast, returning a favor by being a trustworthy second mover in a one-shot trust game is prosocial behavior through an act of positive reciprocity and cannot be explained by purely selfish motives (sanfey, 2007; dubbed as """"pure cooperation"""" in rand, 2016)."";;","[{'id': 0, 'label': 'cause', 'start_offset': 14, 'end_offset': 92}, {'id': 1, 'label': 'effect', 'start_offset': 96, 'end_offset': 114}, {'id': 2, 'label': 'cause', 'start_offset': 126, 'end_offset': 132}, {'id': 3, 'label': 'effect', 'start_offset': 126, 'end_offset': 132}, {'id': 4, 'label': 'cause', 'start_offset': 133, 'end_offset': 153}, {'id': 5, 'label': 'effect', 'start_offset': 133, 'end_offset': 153}, {'id': 6, 'label': 'effect', 'start_offset': 165, 'end_offset': 177}, {'id': 7, 'label': 'cause', 'start_offset': 188, 'end_offset': 203}]","[{'id': 0, 'from_id': 0, 'to_id': 1, 'type': 'Rel_CE'}, {'id': 1, 'from_id': 0, 'to_id': 5, 'type': 'Rel_CE'}, {'id': 2, 'from_id': 0, 'to_id': 6, 'type': 'Rel_CE'}, {'id': 3, 'from_id': 2, 'to_id': 1, 'type': 'Rel_CE'}, {'id': 4, 'from_id': 4, 'to_id': 1, 'type': 'Rel_CE'}, {'id': 5, 'from_id': 7, 'to_id': 1, 'type': 'Rel_CE'}, {'id': 6, 'from_id': 7, 'to_id': 5, 'type': 'Rel_CE'}, {'id': 7, 'from_id': 7, 'to_id': 6, 'type': 'Rel_CE'}]",[]
393,"The anger-inducing evaluation consisted of ratings that were weighted toward negative words (e.g., illogical or unacceptable).;;","[{'id': 0, 'label': 'non-causal', 'start_offset': 0, 'end_offset': 126}]",[],[]
394,"illustrates, the main effect for needs was stronger when african americans were ostracized by white players, f(1, 93) = 66.48, p < .001, g2 p = 0.42), compared to when they were ostracized by black players (f(1, 93) = 22.47, p < .001, g2 p = 0.19).;;","[{'id': 0, 'label': 'effect', 'start_offset': 33, 'end_offset': 38}, {'id': 1, 'label': 'cause', 'start_offset': 80, 'end_offset': 90}]","[{'id': 0, 'from_id': 1, 'to_id': 0, 'type': 'Rel_CE'}]",[]
395,Note that (1)  implies that full free-riding ( g i ϭ 0) is a dominant strategy in the stage game.;;,"[{'id': 0, 'label': 'non-causal', 'start_offset': 0, 'end_offset': 97}]",[],[]
396,"in many programme areas, this is in fact possible since there are frequently follow-on programmes whose planning stages could deploy a review approach, but of course it is rarely done.;;","[{'id': 0, 'label': 'cause', 'start_offset': 77, 'end_offset': 150}]",[],[]
397,"humanitarian crises are prevalent throughout the globe, and studying them with the utmost ethical forethought is critical to maintaining sound research principles and ethical standards.;;","[{'id': 0, 'label': 'cause', 'start_offset': 0, 'end_offset': 19}, {'id': 1, 'label': 'cause', 'start_offset': 60, 'end_offset': 109}, {'id': 2, 'label': 'effect', 'start_offset': 125, 'end_offset': 184}]","[{'id': 0, 'from_id': 0, 'to_id': 2, 'type': 'Rel_CE'}, {'id': 1, 'from_id': 1, 'to_id': 2, 'type': 'Rel_CE'}]",[]
398,"i felt ashamed that i was unable to cope with what i saw, believing i should maintain my composure in the same way that i saw other staff do.;;","[{'id': 0, 'label': 'non-causal', 'start_offset': 0, 'end_offset': 141}]",[],[]
399,It is obvious that behavioral change can be initiated primarily in one direction in each of the motivational orientations; toward more competition under cooperative instructions and toward more cooperation under competitive instructions.;;,"[{'id': 0, 'label': 'non-causal', 'start_offset': 0, 'end_offset': 237}]",[],[]
400,"for instance, schneider and turkat (1975) reported that low self-esteem individuals were more dependent on the evaluations of others in determining their sense of self-worth.;;","[{'id': 0, 'label': 'effect', 'start_offset': 56, 'end_offset': 83}, {'id': 1, 'label': 'cause', 'start_offset': 104, 'end_offset': 132}, {'id': 2, 'label': 'effect', 'start_offset': 148, 'end_offset': 173}]","[{'id': 0, 'from_id': 1, 'to_id': 0, 'type': 'Rel_CE'}, {'id': 1, 'from_id': 1, 'to_id': 2, 'type': 'Rel_CE'}]",[]
401,"In order to further protect their anonymity, participants were not required to sign any receipt and were said they could leave the research area as soon as they received their payments.;;","[{'id': 0, 'label': 'non-causal', 'start_offset': 0, 'end_offset': 185}]",[],[]
402,"however, with the availability of a signaling technology, we can overcome the impossibility result.;;","[{'id': 0, 'label': 'cause', 'start_offset': 18, 'end_offset': 56}, {'id': 1, 'label': 'effect', 'start_offset': 78, 'end_offset': 98}]","[{'id': 0, 'from_id': 0, 'to_id': 1, 'type': 'Rel_CE'}]",[]
403,"thus, this would intensify interpersonal stress with their family members and increase the risk of relapse.;;","[{'id': 0, 'label': 'cause', 'start_offset': 6, 'end_offset': 10}, {'id': 1, 'label': 'cause', 'start_offset': 17, 'end_offset': 73}, {'id': 2, 'label': 'effect', 'start_offset': 17, 'end_offset': 73}, {'id': 3, 'label': 'effect', 'start_offset': 78, 'end_offset': 106}]","[{'id': 0, 'from_id': 0, 'to_id': 2, 'type': 'Rel_CE'}, {'id': 1, 'from_id': 0, 'to_id': 3, 'type': 'Rel_CE'}]",[]
404,"when dm1 and dm2 are completely independent, they are not faced with a pdg or even a social dilemma because there is no collective interest at stake: each dms choice affects only their own outcomes.;;","[{'id': 0, 'label': 'cause', 'start_offset': 5, 'end_offset': 43}, {'id': 1, 'label': 'effect', 'start_offset': 45, 'end_offset': 99}, {'id': 2, 'label': 'cause', 'start_offset': 108, 'end_offset': 148}, {'id': 3, 'label': 'effect', 'start_offset': 150, 'end_offset': 197}]","[{'id': 0, 'from_id': 0, 'to_id': 1, 'type': 'Rel_CE'}, {'id': 1, 'from_id': 0, 'to_id': 3, 'type': 'Rel_CE'}, {'id': 2, 'from_id': 2, 'to_id': 1, 'type': 'Rel_CE'}]",[]
405,"depending on how successful and consistent the analyst was while inventing terms and coupling them with contexts, the resulting network would also become intuitively meaningful to any native speaker (see below).;;","[{'id': 0, 'label': 'non-causal', 'start_offset': 0, 'end_offset': 211}]",[],[]
406,"Given this explanation, participants would feel that no matter what they did in a particular trial, the total number of other defectors would remain the same.;;","[{'id': 0, 'label': 'cause', 'start_offset': 63, 'end_offset': 98}, {'id': 1, 'label': 'effect', 'start_offset': 100, 'end_offset': 157}]","[{'id': 0, 'from_id': 0, 'to_id': 1, 'type': 'Rel_CE'}]",[]
407,"such leaders often dominate the participation process in a manner that directly benefits them, in particular when the flow of information is poor.;;","[{'id': 0, 'label': 'cause', 'start_offset': 0, 'end_offset': 12}, {'id': 1, 'label': 'effect', 'start_offset': 19, 'end_offset': 56}, {'id': 2, 'label': 'effect', 'start_offset': 59, 'end_offset': 93}, {'id': 3, 'label': 'cause', 'start_offset': 118, 'end_offset': 145}]","[{'id': 0, 'from_id': 0, 'to_id': 1, 'type': 'Rel_CE'}, {'id': 1, 'from_id': 0, 'to_id': 2, 'type': 'Rel_CE'}, {'id': 2, 'from_id': 3, 'to_id': 1, 'type': 'Rel_CE'}, {'id': 3, 'from_id': 3, 'to_id': 2, 'type': 'Rel_CE'}]",[]
408,"""the between subject design was thus adopted to avoid that the comparison between the risky and ambiguous settings could make the research hypothesis """"transparent""""."";;","[{'id': 0, 'label': 'cause', 'start_offset': 5, 'end_offset': 27}, {'id': 1, 'label': 'cause', 'start_offset': 63, 'end_offset': 114}, {'id': 2, 'label': 'effect', 'start_offset': 121, 'end_offset': 165}]","[{'id': 0, 'from_id': 0, 'to_id': 2, 'type': 'Rel_CE'}, {'id': 1, 'from_id': 1, 'to_id': 2, 'type': 'Rel_CE'}]",[]
409,"this difference did not impact people's immediate evaluation of exclusion, but it did impact people's immediate evaluation of inclusion.;;","[{'id': 0, 'label': 'cause', 'start_offset': 5, 'end_offset': 15}, {'id': 1, 'label': 'effect', 'start_offset': 31, 'end_offset': 73}, {'id': 2, 'label': 'effect', 'start_offset': 93, 'end_offset': 135}]","[{'id': 0, 'from_id': 0, 'to_id': 1, 'type': 'Rel_CE'}, {'id': 1, 'from_id': 0, 'to_id': 2, 'type': 'Rel_CE'}]",[]
410,"""however, the use of ethnography seems to be limited in the field of entrepreneurship compared to other disciplines; this may be because ethnography is time intensive."";;","[{'id': 0, 'label': 'effect', 'start_offset': 14, 'end_offset': 32}, {'id': 1, 'label': 'effect', 'start_offset': 42, 'end_offset': 55}, {'id': 2, 'label': 'cause', 'start_offset': 137, 'end_offset': 166}]","[{'id': 0, 'from_id': 2, 'to_id': 0, 'type': 'Rel_CE'}, {'id': 1, 'from_id': 2, 'to_id': 1, 'type': 'Rel_CE'}]",[]
411,"The attitude towards each of the four fan groups was assessed by the following four items: ""What is your general attitude regarding the fans of BD/FCS/FCK/BL?"" (1 = very negative to 7 = very positive).;;","[{'id': 0, 'label': 'non-causal', 'start_offset': 0, 'end_offset': 201}]",[],[]
412,"To determine whether the treatment groups (left/right TMS) differed in connectivity patterns as well as in activity, we conducted PPI analyses 37 .;;","[{'id': 0, 'label': 'non-causal', 'start_offset': 0, 'end_offset': 147}]",[],[]
413,"If you give, for instance, 1 ECU, B receives 3 ECU.;;","[{'id': 0, 'label': 'non-causal', 'start_offset': 0, 'end_offset': 51}]",[],[]
414,"In other words, the program can always respond so as to get the most profitable outcome for itself, or to give the least profitable outcome to the subject, if it is constructed to do so.;;","[{'id': 0, 'label': 'non-causal', 'start_offset': 0, 'end_offset': 186}]",[],[]
415,"like tulle, injuries and middle age mean she spends much time also engaging in bodily labour as injury prevention.;;","[{'id': 0, 'label': 'cause', 'start_offset': 12, 'end_offset': 20}, {'id': 1, 'label': 'cause', 'start_offset': 32, 'end_offset': 35}, {'id': 2, 'label': 'effect', 'start_offset': 45, 'end_offset': 92}, {'id': 3, 'label': 'effect', 'start_offset': 96, 'end_offset': 113}]","[{'id': 0, 'from_id': 0, 'to_id': 2, 'type': 'Rel_CE'}, {'id': 1, 'from_id': 0, 'to_id': 3, 'type': 'Rel_CE'}, {'id': 2, 'from_id': 1, 'to_id': 2, 'type': 'Rel_CE'}, {'id': 3, 'from_id': 1, 'to_id': 3, 'type': 'Rel_CE'}]",[]
416,"more recently, mackie, gastardo-conaco and skelly (1992) found that whereas prior knowledge of the in-group position produced acceptance of the in-group position regardless of the message quality (i.e., even for non membership relevant messages), messages from an out-group source produced almost no attitude change.;;","[{'id': 0, 'label': 'cause', 'start_offset': 76, 'end_offset': 116}, {'id': 1, 'label': 'effect', 'start_offset': 126, 'end_offset': 161}, {'id': 2, 'label': 'cause', 'start_offset': 247, 'end_offset': 280}, {'id': 3, 'label': 'effect', 'start_offset': 300, 'end_offset': 315}]","[{'id': 0, 'from_id': 0, 'to_id': 1, 'type': 'Rel_CE'}, {'id': 1, 'from_id': 0, 'to_id': 3, 'type': 'Rel_CE'}, {'id': 2, 'from_id': 2, 'to_id': 1, 'type': 'Rel_CE'}, {'id': 3, 'from_id': 2, 'to_id': 3, 'type': 'Rel_CE'}]",[]
417,"given a motivating reason to self-regulate, excluded participants performed as well as participants who were not excluded.;;","[{'id': 0, 'label': 'effect', 'start_offset': 53, 'end_offset': 75}]",[],[]
418,"An interesting avenue for future research would be to examine participants' emotional states while they play the game, as a possible mediator of the relationship between EI and PDG scores.;;","[{'id': 0, 'label': 'non-causal', 'start_offset': 0, 'end_offset': 188}]",[],[]
419,"here, we found that ostracism reduced both males and (especially) female's level of effort-a uniformly anti-social response.;;","[{'id': 0, 'label': 'cause', 'start_offset': 20, 'end_offset': 29}, {'id': 1, 'label': 'effect', 'start_offset': 30, 'end_offset': 54}, {'id': 2, 'label': 'effect', 'start_offset': 54, 'end_offset': 90}]","[{'id': 0, 'from_id': 0, 'to_id': 1, 'type': 'Rel_CE'}, {'id': 1, 'from_id': 0, 'to_id': 2, 'type': 'Rel_CE'}]",[]
420,an alternative explanation for why weak players readily punished and retaliated against strong partners is that although we incorporated power asymmetries into the game these may have failed to translate into dominant and subordinate social roles in players' minds.;;,"[{'id': 0, 'label': 'effect', 'start_offset': 35, 'end_offset': 103}, {'id': 1, 'label': 'cause', 'start_offset': 124, 'end_offset': 168}, {'id': 2, 'label': 'effect', 'start_offset': 184, 'end_offset': 264}]","[{'id': 0, 'from_id': 1, 'to_id': 0, 'type': 'Rel_CE'}, {'id': 1, 'from_id': 1, 'to_id': 2, 'type': 'Rel_CE'}]",[]
421,"no support was found for h4, which predicted that hope, optimism, or forgiveness would moderate the relationship between ostracism and self-control.;;","[{'id': 0, 'label': 'non-causal', 'start_offset': 0, 'end_offset': 148}]",[],[]
422,perhaps the immediate reactions to ostracism may indeed be automatic and not much avected by other variables.;;,"[{'id': 0, 'label': 'non-causal', 'start_offset': 0, 'end_offset': 109}]",[],[]
423,subjects' decisions in later trials will be affected by their earlier actions.;;,"[{'id': 0, 'label': 'non-causal', 'start_offset': 0, 'end_offset': 78}]",[],[]
424,"in short, we predict that manipulating this maximal ingroup and outgroup status (i.e., avatar race) should elicit the in group out group × acceptance rejection effects that have not been observed in previous research.;;","[{'id': 0, 'label': 'cause', 'start_offset': 26, 'end_offset': 79}, {'id': 1, 'label': 'cause', 'start_offset': 94, 'end_offset': 98}, {'id': 2, 'label': 'effect', 'start_offset': 107, 'end_offset': 167}]","[{'id': 0, 'from_id': 0, 'to_id': 2, 'type': 'Rel_CE'}, {'id': 1, 'from_id': 1, 'to_id': 2, 'type': 'Rel_CE'}]",[]
425,"""waldrop (2006) suggested that constructing ecomaps from previously transcribed interview data by a different researcher and correlating the findings with those of interview analysis resulted in """"observer triangulation"""" and a method to improve trustworthiness of a study."";;","[{'id': 0, 'label': 'cause', 'start_offset': 31, 'end_offset': 182}, {'id': 1, 'label': 'effect', 'start_offset': 195, 'end_offset': 220}, {'id': 2, 'label': 'effect', 'start_offset': 238, 'end_offset': 272}]","[{'id': 0, 'from_id': 0, 'to_id': 1, 'type': 'Rel_CE'}, {'id': 1, 'from_id': 0, 'to_id': 2, 'type': 'Rel_CE'}]",[]
426,"""honig, h. (1997), """"positions, power and practice: functionalist approaches and translation quality assessment"""", current issues in language and society, vol."";;","[{'id': 0, 'label': 'non-causal', 'start_offset': 0, 'end_offset': 160}]",[],[]
427,the presence of power dynamics during qualitative research may underscore nuances of the relationship.;;,"[{'id': 0, 'label': 'cause', 'start_offset': 0, 'end_offset': 58}, {'id': 1, 'label': 'effect', 'start_offset': 63, 'end_offset': 101}]","[{'id': 0, 'from_id': 0, 'to_id': 1, 'type': 'Rel_CE'}]",[]
428,"discussion using a mediation approach, study 3 showed that social exclusion leads consumers to want more money as a means to secure control in life, which in turn fosters riskier but potentially more lucrative financial decisions.;;","[{'id': 0, 'label': 'cause', 'start_offset': 59, 'end_offset': 75}, {'id': 1, 'label': 'effect', 'start_offset': 76, 'end_offset': 81}, {'id': 2, 'label': 'cause', 'start_offset': 82, 'end_offset': 110}, {'id': 3, 'label': 'effect', 'start_offset': 82, 'end_offset': 110}, {'id': 4, 'label': 'cause', 'start_offset': 122, 'end_offset': 147}, {'id': 5, 'label': 'effect', 'start_offset': 122, 'end_offset': 147}, {'id': 6, 'label': 'effect', 'start_offset': 163, 'end_offset': 229}]","[{'id': 0, 'from_id': 0, 'to_id': 3, 'type': 'Rel_CE'}, {'id': 1, 'from_id': 0, 'to_id': 5, 'type': 'Rel_CE'}, {'id': 2, 'from_id': 0, 'to_id': 6, 'type': 'Rel_CE'}, {'id': 3, 'from_id': 4, 'to_id': 3, 'type': 'Rel_CE'}]",[]
429,"When such offers were received, subjects responded with cooperation nearly 70% of the time.;;","[{'id': 0, 'label': 'cause', 'start_offset': 5, 'end_offset': 30}, {'id': 1, 'label': 'effect', 'start_offset': 32, 'end_offset': 90}]","[{'id': 0, 'from_id': 0, 'to_id': 1, 'type': 'Rel_CE'}]",[]
430,"thus, if we find no effect of experimentally induced social exclusion on hpa functioning we cannot preclude that more natural and prolonged settings do have some effect.;;","[{'id': 0, 'label': 'cause', 'start_offset': 17, 'end_offset': 88}, {'id': 1, 'label': 'effect', 'start_offset': 113, 'end_offset': 168}]","[{'id': 0, 'from_id': 0, 'to_id': 1, 'type': 'Rel_CE'}]",[]
431,Figure 3. Histogram of the donations over first ten rounds of the experiment.;;,"[{'id': 0, 'label': 'non-causal', 'start_offset': 0, 'end_offset': 77}]",[],[]
432,"promoting ri might reduce risk factors for drug use and enhance the effects of protective factors (brook et al., 1998).;;","[{'id': 0, 'label': 'cause', 'start_offset': 0, 'end_offset': 12}, {'id': 1, 'label': 'effect', 'start_offset': 19, 'end_offset': 55}, {'id': 2, 'label': 'effect', 'start_offset': 56, 'end_offset': 97}]","[{'id': 0, 'from_id': 0, 'to_id': 1, 'type': 'Rel_CE'}, {'id': 1, 'from_id': 0, 'to_id': 2, 'type': 'Rel_CE'}]",[]
433,"however, while the knowledge about these issues can be learnt, the skills and 'knowing how' take work and ongoing development to master - if this is even possible (van manen, 2015).;;","[{'id': 0, 'label': 'cause', 'start_offset': 67, 'end_offset': 77}, {'id': 1, 'label': 'cause', 'start_offset': 78, 'end_offset': 91}, {'id': 2, 'label': 'effect', 'start_offset': 114, 'end_offset': 125}]","[{'id': 0, 'from_id': 0, 'to_id': 2, 'type': 'Rel_CE'}, {'id': 1, 'from_id': 1, 'to_id': 2, 'type': 'Rel_CE'}]",[]
434,"a researcher, therefore, must have prior familiarity with the underlying technologies and strategies used to produce search engine results before this source of error can be accounted for.;;","[{'id': 0, 'label': 'cause', 'start_offset': 2, 'end_offset': 12}, {'id': 1, 'label': 'cause', 'start_offset': 30, 'end_offset': 138}, {'id': 2, 'label': 'effect', 'start_offset': 158, 'end_offset': 166}, {'id': 3, 'label': 'effect', 'start_offset': 174, 'end_offset': 187}]","[{'id': 0, 'from_id': 0, 'to_id': 3, 'type': 'Rel_CE'}, {'id': 1, 'from_id': 1, 'to_id': 2, 'type': 'Rel_CE'}, {'id': 2, 'from_id': 1, 'to_id': 3, 'type': 'Rel_CE'}]",[]
435,williams asserts that this reflexive response to rejection is due to the extreme importance of actual or possible social rejection.;;,"[{'id': 0, 'label': 'effect', 'start_offset': 22, 'end_offset': 58}, {'id': 1, 'label': 'cause', 'start_offset': 73, 'end_offset': 130}]","[{'id': 0, 'from_id': 1, 'to_id': 0, 'type': 'Rel_CE'}]",[]
436,"In all partner matching sessions, subjects are randomly and anonymously assigned into groups of four in the beginning of the experiment.;;","[{'id': 0, 'label': 'non-causal', 'start_offset': 0, 'end_offset': 136}]",[],[]
437,"This suggestion is interpreted in the context above, that being human-like means that the representation of a partner is not a human, but behavior of the partner is human-like.;;","[{'id': 0, 'label': 'non-causal', 'start_offset': 0, 'end_offset': 176}]",[],[]
438,"this closeness of the researcher to the object of the study is argued to be a unique feature of qualitative data, so it is challenging for the researcher as a 'positioned subject' (rosaldo 1993, 7) to consciously reflect about his/her own acts and background in relation to the data.;;","[{'id': 0, 'label': 'cause', 'start_offset': 5, 'end_offset': 59}, {'id': 1, 'label': 'cause', 'start_offset': 93, 'end_offset': 112}, {'id': 2, 'label': 'effect', 'start_offset': 135, 'end_offset': 179}, {'id': 3, 'label': 'effect', 'start_offset': 198, 'end_offset': 282}]","[{'id': 0, 'from_id': 0, 'to_id': 2, 'type': 'Rel_CE'}, {'id': 1, 'from_id': 0, 'to_id': 3, 'type': 'Rel_CE'}, {'id': 2, 'from_id': 1, 'to_id': 3, 'type': 'Rel_CE'}]",[]
439,"big data technologies, however, facilitate the collection and sharing of these data on a large scale.;;","[{'id': 0, 'label': 'cause', 'start_offset': 0, 'end_offset': 21}, {'id': 1, 'label': 'effect', 'start_offset': 47, 'end_offset': 100}]","[{'id': 0, 'from_id': 0, 'to_id': 1, 'type': 'Rel_CE'}]",[]
440,A P-value above 0.1 is generally assumed to represent an acceptable fit.;;,"[{'id': 0, 'label': 'non-causal', 'start_offset': 0, 'end_offset': 72}]",[],[]
441,"i believe that by publishing more auto ethno graph ies in first-person voice, applied linguists will help transform applied linguistics into a more humanized and decolonialized field.;;","[{'id': 0, 'label': 'cause', 'start_offset': 18, 'end_offset': 76}, {'id': 1, 'label': 'cause', 'start_offset': 78, 'end_offset': 95}, {'id': 2, 'label': 'effect', 'start_offset': 78, 'end_offset': 95}, {'id': 3, 'label': 'effect', 'start_offset': 106, 'end_offset': 182}]","[{'id': 0, 'from_id': 0, 'to_id': 3, 'type': 'Rel_CE'}, {'id': 1, 'from_id': 1, 'to_id': 3, 'type': 'Rel_CE'}]",[]
442,(corrected for unreliability; Bryk and Raudenbush 1992).;;,"[{'id': 0, 'label': 'non-causal', 'start_offset': 0, 'end_offset': 56}]",[],[]
443,"the relatively high frequency of reports at 50 may be driven by risk aversion, since the use of the quadratic scoring rule makes it risky to report extreme values.;;","[{'id': 0, 'label': 'effect', 'start_offset': 4, 'end_offset': 46}, {'id': 1, 'label': 'effect', 'start_offset': 64, 'end_offset': 77}, {'id': 2, 'label': 'cause', 'start_offset': 85, 'end_offset': 122}, {'id': 3, 'label': 'cause', 'start_offset': 132, 'end_offset': 162}, {'id': 4, 'label': 'effect', 'start_offset': 132, 'end_offset': 162}]","[{'id': 0, 'from_id': 2, 'to_id': 0, 'type': 'Rel_CE'}, {'id': 1, 'from_id': 2, 'to_id': 1, 'type': 'Rel_CE'}, {'id': 2, 'from_id': 2, 'to_id': 4, 'type': 'Rel_CE'}, {'id': 3, 'from_id': 3, 'to_id': 0, 'type': 'Rel_CE'}, {'id': 4, 'from_id': 3, 'to_id': 1, 'type': 'Rel_CE'}]",[]
444,"bogum yoon & christine uliassi 1089 despite the importance of the researcher's role in qualitative research, there has been little in-depth discussion on how educational researchers' identities influence the quality of qualitative research.;;","[{'id': 0, 'label': 'cause', 'start_offset': 158, 'end_offset': 193}, {'id': 1, 'label': 'effect', 'start_offset': 208, 'end_offset': 218}, {'id': 2, 'label': 'effect', 'start_offset': 224, 'end_offset': 239}]","[{'id': 0, 'from_id': 0, 'to_id': 1, 'type': 'Rel_CE'}, {'id': 1, 'from_id': 0, 'to_id': 2, 'type': 'Rel_CE'}]",[]
445,"such intricacies may also come into play in disaster research, especially when the victims are to become participants (dittmer & lorenz, 2018).;;","[{'id': 0, 'label': 'cause', 'start_offset': 0, 'end_offset': 4}, {'id': 1, 'label': 'effect', 'start_offset': 8, 'end_offset': 16}, {'id': 2, 'label': 'effect', 'start_offset': 31, 'end_offset': 61}, {'id': 3, 'label': 'cause', 'start_offset': 83, 'end_offset': 117}]","[{'id': 0, 'from_id': 3, 'to_id': 1, 'type': 'Rel_CE'}, {'id': 1, 'from_id': 3, 'to_id': 2, 'type': 'Rel_CE'}]",[]
446,"""for example, previous studies have found that individuals who have been reminded of their mortality tend to adhere more strongly to and defend their worldviews (e.g., greenberg, simon, pyszczynski, solomon, & chatel, 1992; greenberg, porteus, simon, pyszczynski, & solomon, 1995)."";;","[{'id': 0, 'label': 'cause', 'start_offset': 47, 'end_offset': 100}, {'id': 1, 'label': 'effect', 'start_offset': 109, 'end_offset': 160}]","[{'id': 0, 'from_id': 0, 'to_id': 1, 'type': 'Rel_CE'}]",[]
447,"the €yberball experience effect showed that needs were more thwarted in the ostracism condition (m 3.02, sd 0.81) than in the inclusion condition (m 4.14, sd 1.02), supporting our hypothesis that ostracism is painful even when it pays.;;","[{'id': 0, 'label': 'effect', 'start_offset': 44, 'end_offset': 49}, {'id': 1, 'label': 'effect', 'start_offset': 60, 'end_offset': 68}, {'id': 2, 'label': 'cause', 'start_offset': 76, 'end_offset': 85}, {'id': 3, 'label': 'effect', 'start_offset': 196, 'end_offset': 221}]","[{'id': 0, 'from_id': 2, 'to_id': 0, 'type': 'Rel_CE'}, {'id': 1, 'from_id': 2, 'to_id': 1, 'type': 'Rel_CE'}, {'id': 2, 'from_id': 2, 'to_id': 3, 'type': 'Rel_CE'}]",[]
448,We conduct a multi-period ultimatum game in which we elicit players' beliefs.;;,"[{'id': 0, 'label': 'non-causal', 'start_offset': 0, 'end_offset': 77}]",[],[]
449,Three red lights and three buttons were vertically paired across the yellow area.;;,"[{'id': 0, 'label': 'non-causal', 'start_offset': 0, 'end_offset': 81}]",[],[]
450,"To explain this robust discontinuity eect, as they coined the observed dierence between interpersonal and intergroup behavior, Insko and Schopler ®rst favoured a fear-based interpretation, the origin of which can be found in early socialisation experiences.;;","[{'id': 0, 'label': 'non-causal', 'start_offset': 0, 'end_offset': 257}]",[],[]
451,"it is also considered that the process could easily be adapted for virtual delivery, thus increasing its accessibility.;;","[{'id': 0, 'label': 'cause', 'start_offset': 31, 'end_offset': 38}, {'id': 1, 'label': 'cause', 'start_offset': 52, 'end_offset': 83}, {'id': 2, 'label': 'effect', 'start_offset': 90, 'end_offset': 118}]","[{'id': 0, 'from_id': 0, 'to_id': 2, 'type': 'Rel_CE'}, {'id': 1, 'from_id': 1, 'to_id': 2, 'type': 'Rel_CE'}]",[]
