{
  "train_loss_total": [
    4.6890482629528485,
    2.9168029950775263,
    1.8205991364617384,
    1.2496446050305403,
    0.7662302277260638,
    0.6169403030835661,
    0.5363503606947324,
    0.4411470669371481,
    0.45282792902857294,
    0.4419959457093523,
    0.4368379458443809,
    0.43059052704728584,
    0.4367233321411919,
    0.4338583322881742,
    0.4217737970859495,
    0.4318606188051573,
    0.42410955677619416,
    0.4315663788837331,
    0.4174661151780427,
    0.4319719768321241
  ],
  "train_loss_cls": [
    0.621824340738413,
    0.36208948259817736,
    0.16663740818452744,
    0.09803587534528879,
    0.029150850201320643,
    0.019412473503958774,
    0.010635643368560238,
    0.005652685531944691,
    0.006218009760100323,
    0.004701766929942901,
    0.005056391883586384,
    0.0067547513844084545,
    0.005684820378380508,
    0.004563678247287145,
    0.004987054852700352,
    0.005651707298216545,
    0.004948578059996784,
    0.0055194043248664336,
    0.005790966732439919,
    0.0078062885265374376
  ],
  "train_loss_bio": [
    0.8885463164507887,
    0.5576769988272936,
    0.35460297018289566,
    0.24373942750100872,
    0.15084375386776844,
    0.12225314698653929,
    0.10474619882906439,
    0.08649827160282444,
    0.08850135581695852,
    0.0866114787529898,
    0.08545073442417019,
    0.08379660697386401,
    0.08433798856976378,
    0.08314988873045863,
    0.08248743348762051,
    0.08509844999390705,
    0.08284110376142136,
    0.083597844893127,
    0.08095211035372932,
    0.08274069732012412
  ],
  "train_loss_rel": [
    0.5130386608475037,
    0.3240055142695667,
    0.23554985146997995,
    0.1766510272099999,
    0.13370436304853162,
    0.10851524425457225,
    0.10672992219053606,
    0.08950129473397067,
    0.09260449626035135,
    0.09084826310072805,
    0.08997861546897934,
    0.08864934773731778,
    0.09368655822801454,
    0.09669509815151682,
    0.08683701057541575,
    0.08581511101877416,
    0.0877965641037369,
    0.09165559431097207,
    0.0878667070722307,
    0.09320290014147758
  ],
  "val_loss_total": [
    1.5284788218037835,
    1.2967042532460442,
    1.4290184160887167,
    1.665022974769617,
    1.8860415549113834,
    2.0159775049522004,
    2.1467526005259874,
    2.105762685938128,
    2.135890417828642,
    2.143105801580281,
    2.1544017205978263,
    2.1536185317512215,
    2.1770537762806335,
    2.13449087199466,
    2.1304507913260626,
    2.1581456692054353,
    2.1535811031173013,
    2.1404206310880594,
    2.145788078164232,
    2.148051017831112
  ],
  "val_loss_cls": [
    0.5301250676656591,
    0.4796867699458681,
    0.46994258424845237,
    0.7150907384167458,
    0.8002229409918574,
    0.8540542717734031,
    0.9307894530497363,
    0.8816433374866329,
    0.8759355035064549,
    0.8861138079443882,
    0.8859509943888105,
    0.8860249624362794,
    0.8869244723484434,
    0.8868580839500345,
    0.8868294396148674,
    0.8868618214759847,
    0.886818006120879,
    0.886738297947008,
    0.8866545024873882,
    0.8866601433797643
  ],
  "val_loss_bio": [
    0.6416916343672522,
    0.510633881749778,
    0.5985001754015684,
    0.6224552867291816,
    0.7048556996059829,
    0.770658557592281,
    0.7974654532134019,
    0.8104712932113687,
    0.8268416986864959,
    0.8323836712295125,
    0.8332152062593478,
    0.8341767423513249,
    0.8344964023743724,
    0.834597860206047,
    0.8346978948644266,
    0.8347359077266321,
    0.8348377672393389,
    0.8349542250567726,
    0.8351054640551065,
    0.8351747391038927
  ],
  "val_loss_rel": [
    0.3566621141187076,
    0.3063836054041468,
    0.3605756581086537,
    0.3274769492704293,
    0.38096292599521836,
    0.39126468681055926,
    0.4184977039694786,
    0.4136480316519737,
    0.4331132325118986,
    0.4246083273199098,
    0.43523550624477453,
    0.43341680365646706,
    0.45563291038932474,
    0.4130349051335762,
    0.40892347179610156,
    0.4365479591591605,
    0.43192533660551596,
    0.41872810675152417,
    0.42402810140930375,
    0.42621614796848134
  ],
  "val_overall_f1": [
    0.6624865596081936,
    0.7051575873791037,
    0.738661408667341,
    0.7493905659590543,
    0.7494301617418904,
    0.7495894377679416,
    0.7531760273748724,
    0.7584960380297904,
    0.7593612467754288,
    0.7601047763317293,
    0.7579853828254937,
    0.7583978853101763,
    0.7591601195470115,
    0.7567130350710367,
    0.7567913813151671,
    0.7588867777861061,
    0.7555047485998406,
    0.7618462478335909,
    0.7603450475865096,
    0.7569445329786436
  ]
}