{
  "train_loss_total": [
    4.512548355655816,
    2.8363586564100425,
    1.7435444497880135,
    1.1819227674535213,
    0.7062912186437095,
    0.5725566562734373,
    0.48594699834139293,
    0.42345753471359954,
    0.4218513562934089,
    0.401228200843316,
    0.39288278816993,
    0.40557080672126095,
    0.40241692078705055,
    0.3977982482609858,
    0.39166516460876427,
    0.3919709730921811,
    0.38153790767866236,
    0.40337666033105996,
    0.3839680629547771,
    0.3992966538906552
  ],
  "train_loss_cls": [
    0.6095087645390561,
    0.35748426326131094,
    0.15132304774739475,
    0.06680955597908655,
    0.020900269202934224,
    0.012014612769672492,
    0.01190867161705738,
    0.005558630877120228,
    0.0044697183528683996,
    0.0049440700640566,
    0.004574275594351294,
    0.006041968441728275,
    0.005190260478445126,
    0.0053844136725364694,
    0.005531006005907232,
    0.004356438185524672,
    0.004210978334072892,
    0.005028335357801135,
    0.004720686411463748,
    0.004013546618418804
  ],
  "train_loss_bio": [
    0.8508353549560518,
    0.5405789960659187,
    0.3404040684681812,
    0.23411781357899877,
    0.14128365998737558,
    0.1136820136639645,
    0.09498364281421172,
    0.08398003913888721,
    0.08274079586258372,
    0.07773014631492035,
    0.07632159347155394,
    0.07929133503146395,
    0.07855552178274357,
    0.07700389248980138,
    0.07562343694468718,
    0.0773458935121316,
    0.07433703961206302,
    0.07823607161328311,
    0.07475254881081975,
    0.07678595117030253
  ],
  "train_loss_rel": [
    0.49969819256367576,
    0.3165584141744002,
    0.23060513186830145,
    0.17864195676875932,
    0.12025631047102786,
    0.10581398874748754,
    0.09410375366271793,
    0.08197874674317605,
    0.08641845537598408,
    0.08536354614108915,
    0.08302213738935481,
    0.08236349693620364,
    0.08300457211595227,
    0.08439826388409688,
    0.08364040892613867,
    0.0782309619404148,
    0.07997877036313747,
    0.08540403851101758,
    0.080237181220943,
    0.08813930302502886
  ],
  "val_loss_total": [
    1.4635112532253922,
    1.2400410288366779,
    1.5655976816498,
    1.773517136815293,
    1.9739783181455628,
    2.107653413963472,
    2.268364366111827,
    2.2395396776786396,
    2.274536106237692,
    2.287473861593753,
    2.292745164764146,
    2.3108219808079946,
    2.3279868803420585,
    2.2884871135305227,
    2.28193369789595,
    2.308148597583881,
    2.3044903504116268,
    2.2877805322360505,
    2.289954179681131,
    2.2966691361386973
  ],
  "val_loss_cls": [
    0.4873485657675513,
    0.41225077622923356,
    0.6319975811538512,
    0.7386428176923173,
    0.8238143688308653,
    0.8749590578593378,
    0.9629878968337615,
    0.9152594131240942,
    0.9278304459434805,
    0.928203722536323,
    0.9281920619481564,
    0.9298285707100776,
    0.9299684455919336,
    0.9300592946097384,
    0.9300491585825763,
    0.9300639821369008,
    0.9300857454614617,
    0.9301395601400271,
    0.9301379448754296,
    0.930296427540176
  ],
  "val_loss_bio": [
    0.6259223130242578,
    0.5080916383143129,
    0.5979659604872095,
    0.6990815824668469,
    0.7642064644505495,
    0.8211759618234595,
    0.871299661131945,
    0.8925681634613409,
    0.9015291995792409,
    0.9132929411516043,
    0.9151830035828833,
    0.9153625874951731,
    0.9168471897779643,
    0.9169413146195564,
    0.9171036638099708,
    0.9172092728956065,
    0.9173425046700968,
    0.9174343779465336,
    0.9175588418579066,
    0.9176200080255512
  ],
  "val_loss_rel": [
    0.35024038419641296,
    0.31969860170421927,
    0.33563413496675165,
    0.3357927183267371,
    0.3859574928365905,
    0.4115183950755103,
    0.43407679940092153,
    0.4317120909690857,
    0.4451764667856282,
    0.44597717965471334,
    0.44937009801124705,
    0.4656308026149355,
    0.4811712421219924,
    0.44148649660677747,
    0.43478089070011827,
    0.46087533954916327,
    0.4570621285459091,
    0.4402066410101693,
    0.4422573770942359,
    0.44875268432600746
  ],
  "val_overall_f1": [
    0.676931476837273,
    0.711472922746118,
    0.7244330074472307,
    0.7319578095182763,
    0.7509711682897838,
    0.7465201329347163,
    0.7474822153138003,
    0.7454644544798571,
    0.7448898772631124,
    0.7451721849727512,
    0.7417367796889519,
    0.7409660537634344,
    0.7437579163229091,
    0.7412988652668,
    0.7427508580790088,
    0.7407564891438504,
    0.7385373926233297,
    0.7456387591989978,
    0.7441431713777491,
    0.7407231042795921
  ]
}